step,time_ms,v_float64,v_float32,diff_float32,v_float16,diff_float16,v_posit16,diff_posit16
0,0.0,-69.8,-69.80000305175781,3.051757815342171e-06,-69.8125,0.012500000000002842,-69.8125,0.012500000000002842
1,0.1,-69.602,-69.60200500488281,5.0048828086346475e-06,-69.625,0.022999999999996135,-69.625,0.022999999999996135
2,0.2,-69.40598,-69.4059829711914,2.9711914066865575e-06,-69.4375,0.03152000000000044,-69.4375,0.03152000000000044
3,0.30000000000000004,-69.2119202,-69.21192169189453,1.4918945367980996e-06,-69.25,0.03807980000000555,-69.25,0.03807980000000555
4,0.4,-69.019800998,-69.01980590820312,4.910203131203161e-06,-69.0625,0.0426990020000062,-69.0625,0.0426990020000062
5,0.5,-68.82960298802,-68.82960510253906,2.114519062956788e-06,-68.875,0.04539701198000046,-68.875,0.04539701198000046
6,0.6000000000000001,-68.6413069581398,-68.64131164550781,4.6873680190628875e-06,-68.6875,0.04619304186020656,-68.6875,0.04619304186020656
7,0.7000000000000001,-68.4548938885584,-68.45489501953125,1.1309728478181569e-06,-68.5,0.04510611144159782,-68.5,0.04510611144159782
8,0.8,-68.27034494967282,-68.27034759521484,2.6455420254478668e-06,-68.3125,0.0421550503271817,-68.3125,0.0421550503271817
9,0.9,-68.08764150017609,-68.087646484375,4.984198909596671e-06,-68.125,0.0373584998239096,-68.125,0.0373584998239096
10,1.0,-67.90676508517433,-67.90676879882812,3.7136537969217898e-06,-67.9375,0.030734914825671922,-67.9375,0.030734914825671922
11,1.1,-67.72769743432258,-67.72769927978516,1.8454625774211308e-06,-67.75,0.02230256567742117,-67.75,0.02230256567742117
12,1.2000000000000002,-67.55042045997935,-67.55042266845703,2.2084776816200247e-06,-67.5625,0.01207954002065037,-67.5625,0.01207954002065037
13,1.3,-67.37491625537956,-67.37491607666016,1.7871940372060635e-07,-67.375,8.37446204400294e-05,-67.375,8.37446204400294e-05
14,1.4000000000000001,-67.20116709282577,-67.20116424560547,2.847220301305242e-06,-67.1875,0.013667092825770055,-67.1875,0.013667092825770055
15,1.5,-67.02915542189751,-67.0291519165039,3.5053936073836667e-06,-67.0,0.029155421897513634,-67.0,0.029155421897513634
16,1.6,-66.85886386767854,-66.8588638305664,3.711213025781035e-08,-66.8125,0.04636386767853651,-66.8125,0.04636386767853651
17,1.7000000000000002,-66.69027522900176,-66.69027709960938,1.8706076190255772e-06,-66.625,0.06527522900175597,-66.625,0.06527522900175597
18,1.8,-66.52337247671174,-66.52337646484375,3.988132007748391e-06,-66.4375,0.08587247671174225,-66.4375,0.08587247671174225
19,1.9000000000000001,-66.35813875194462,-66.35813903808594,2.86141315086752e-07,-66.25,0.10813875194462241,-66.25,0.10813875194462241
20,2.0,-66.19455736442518,-66.1945571899414,1.744837732076121e-07,-66.0625,0.13205736442517946,-66.0625,0.13205736442517946
21,2.1,-66.03261179078093,-66.03260803222656,3.758554370847378e-06,-65.875,0.15761179078093335,-65.875,0.15761179078093335
22,2.2,-65.87228567287312,-65.87228393554688,1.7373262437558878e-06,-65.6875,0.18478567287311876,-65.6875,0.18478567287311876
23,2.3000000000000003,-65.71356281614439,-65.71356201171875,8.044256389894144e-07,-65.5,0.213562816144389,-65.5,0.213562816144389
24,2.4000000000000004,-65.55642718798295,-65.55642700195312,1.8602982265747414e-07,-65.375,0.18142718798294766,-65.375,0.18142718798294766
25,2.5,-65.40086291610312,-65.40086364746094,7.313578151979527e-07,-65.25,0.1508629161031223,-65.25,0.1508629161031223
26,2.6,-65.2468542869421,-65.24685668945312,2.402511029231391e-06,-65.125,0.12185428694209577,-65.125,0.12185428694209577
27,2.7,-65.09438574407268,-65.09439086914062,5.125067943367867e-06,-65.0,0.09438574407268163,-65.0,0.09438574407268163
28,2.8000000000000003,-64.94344188663196,-64.94344329833984,1.4117078848130404e-06,-64.875,0.06844188663195894,-64.875,0.06844188663195894
29,2.9000000000000004,-64.79400746776564,-64.79400634765625,1.1201093883528301e-06,-64.75,0.04400746776563835,-64.75,0.04400746776563835
30,3.0,-64.64606739308798,-64.64606475830078,2.634787193755983e-06,-64.625,0.021067393087975006,-64.625,0.021067393087975006
31,3.1,-64.4996067191571,-64.49960327148438,3.447672725087614e-06,-64.5,0.0003932808428999124,-64.5,0.0003932808428999124
32,3.2,-64.35461065196553,-64.35460662841797,4.023547560905172e-06,-64.375,0.020389348034470345,-64.375,0.020389348034470345
33,3.3000000000000003,-64.21106454544588,-64.2110595703125,4.975133379048202e-06,-64.25,0.03893545455412095,-64.25,0.03893545455412095
34,3.4000000000000004,-64.06895389999141,-64.0689468383789,7.06161250718651e-06,-64.125,0.056046100008586563,-64.125,0.056046100008586563
35,3.5,-63.9282643609915,-63.92825698852539,7.3724661078244935e-06,-63.96875,0.04048563900850155,-63.96875,0.04048563900850155
36,3.6,-63.78898171738158,-63.78897476196289,6.955418690779425e-06,-63.84375,0.054768282618418596,-63.84375,0.054768282618418596
37,3.7,-63.65109190020777,-63.651084899902344,7.00030542333252e-06,-63.71875,0.06765809979223292,-63.71875,0.06765809979223292
38,3.8000000000000003,-63.51458098120569,-63.51457214355469,8.837651002124858e-06,-63.59375,0.07916901879431038,-63.59375,0.07916901879431038
39,3.9000000000000004,-63.37943517139363,-63.379425048828125,1.0122565505810144e-05,-63.46875,0.08931482860636919,-63.46875,0.08931482860636919
40,4.0,-63.24564081967969,-63.24563217163086,8.648048833492794e-06,-63.34375,0.09810918032030713,-63.34375,0.09810918032030713
41,4.1000000000000005,-63.1131844114829,-63.11317443847656,9.973006335428636e-06,-63.21875,0.10556558851710207,-63.21875,0.10556558851710207
42,4.2,-62.98205256736807,-62.9820442199707,8.347397368879683e-06,-63.09375,0.111697432631928,-63.09375,0.111697432631928
43,4.3,-62.85223204169439,-62.85222244262695,9.599067439580722e-06,-62.96875,0.1165179583056073,-62.96875,0.1165179583056073
44,4.4,-62.72370972127745,-62.72370147705078,8.244226670228727e-06,-62.84375,0.12004027872254852,-62.84375,0.12004027872254852
45,4.5,-62.596472624064674,-62.596466064453125,6.5596115490507145e-06,-62.71875,0.12227737593532595,-62.71875,0.12227737593532595
46,4.6000000000000005,-62.47050789782403,-62.47050094604492,6.95177910614575e-06,-62.59375,0.12324210217597198,-62.59375,0.12324210217597198
47,4.7,-62.34580281884579,-62.345794677734375,8.141111415227442e-06,-62.46875,0.12294718115420977,-62.46875,0.12294718115420977
48,4.800000000000001,-62.22234479065733,-62.22233581542969,8.975227643759354e-06,-62.34375,0.12140520934266874,-62.34375,0.12140520934266874
49,4.9,-62.10012134275076,-62.10011291503906,8.427711698288931e-06,-62.21875,0.11862865724923921,-62.21875,0.11862865724923921
50,5.0,-61.979120129323256,-61.97911071777344,9.411549818594267e-06,-62.09375,0.1146298706767439,-62.09375,0.1146298706767439
51,5.1000000000000005,-61.859328928030024,-61.859317779541016,1.1148489008405704e-05,-61.96875,0.10942107196997597,-61.96875,0.10942107196997597
52,5.2,-61.740735638749726,-61.740726470947266,9.167802460297025e-06,-61.84375,0.10301436125027408,-61.84375,0.10301436125027408
53,5.300000000000001,-61.62332828236223,-61.62331771850586,1.0563856370993108e-05,-61.71875,0.09542171763776963,-61.71875,0.09542171763776963
54,5.4,-61.50709499953861,-61.507083892822266,1.1106716343078915e-05,-61.59375,0.0866550004613913,-61.59375,0.0866550004613913
55,5.5,-61.392024049543224,-61.39201354980469,1.0499738536395853e-05,-61.46875,0.0767259504567761,-61.46875,0.0767259504567761
56,5.6000000000000005,-61.27810380904779,-61.27809524536133,8.56368646395822e-06,-61.34375,0.06564619095220792,-61.34375,0.06564619095220792
57,5.7,-61.16532277095732,-61.165313720703125,9.050254192288776e-06,-61.21875,0.05342722904268271,-61.21875,0.05342722904268271
58,5.800000000000001,-61.05366954324774,-61.05366134643555,8.19681219610402e-06,-61.09375,0.04008045675225702,-61.09375,0.04008045675225702
59,5.9,-60.943132847815264,-60.94312286376953,9.984045732380764e-06,-60.96875,0.02561715218473637,-60.96875,0.02561715218473637
60,6.0,-60.83370151933711,-60.83369064331055,1.087602656468789e-05,-60.84375,0.010048480662888437,-60.84375,0.010048480662888437
61,6.1000000000000005,-60.72536450414374,-60.7253532409668,1.1263176943998587e-05,-60.75,0.024635495856259126,-60.75,0.024635495856259126
62,6.2,-60.6181108591023,-60.618099212646484,1.1646455817526657e-05,-60.65625,0.0381391408976981,-60.65625,0.0381391408976981
63,6.300000000000001,-60.51192975051128,-60.51191711425781,1.2636253465814207e-05,-60.5625,0.050570249488721686,-60.5625,0.050570249488721686
64,6.4,-60.406810453006166,-60.40679931640625,1.1136599916028445e-05,-60.46875,0.06193954699383397,-60.46875,0.06193954699383397
65,6.5,-60.3027423484761,-60.302730560302734,1.1788173367222043e-05,-60.375,0.0722576515238984,-60.375,0.0722576515238984
66,6.6000000000000005,-60.19971492499134,-60.199703216552734,1.1708438606206073e-05,-60.28125,0.08153507500865942,-60.28125,0.08153507500865942
67,6.7,-60.09771777574143,-60.09770584106445,1.1934676976466108e-05,-60.1875,0.08978222425857041,-60.1875,0.08978222425857041
68,6.800000000000001,-59.996740597984015,-59.996726989746094,1.3608237921403088e-05,-60.09375,0.09700940201598485,-60.09375,0.09700940201598485
69,6.9,-59.896773192004176,-59.896759033203125,1.41588010507121e-05,-60.0,0.10322680799582429,-60.0,0.10322680799582429
70,7.0,-59.797805460084135,-59.79779052734375,1.4932740384665522e-05,-59.90625,0.10844453991586533,-59.90625,0.10844453991586533
71,7.1000000000000005,-59.69982740548329,-59.69981384277344,1.3562709852976695e-05,-59.8125,0.11267259451670952,-59.8125,0.11267259451670952
72,7.2,-59.60282913142846,-59.60281753540039,1.1596028066662711e-05,-59.71875,0.11592086857154271,-59.71875,0.11592086857154271
73,7.300000000000001,-59.506800840114174,-59.50679016113281,1.0678981361422757e-05,-59.625,0.11819915988582608,-59.625,0.11819915988582608
74,7.4,-59.41173283171303,-59.41172409057617,8.741136859669041e-06,-59.53125,0.11951716828696846,-59.53125,0.11951716828696846
75,7.5,-59.3176155033959,-59.31760787963867,7.6237572272930265e-06,-59.4375,0.11988449660410083,-59.4375,0.11988449660410083
76,7.6000000000000005,-59.22443934836194,-59.224430084228516,9.264133424835563e-06,-59.34375,0.11931065163805954,-59.34375,0.11931065163805954
77,7.7,-59.13219495487832,-59.13218688964844,8.065229884834935e-06,-59.25,0.11780504512167767,-59.25,0.11780504512167767
78,7.800000000000001,-59.04087300532954,-59.04086685180664,6.15352289656812e-06,-59.15625,0.1153769946704628,-59.15625,0.1153769946704628
79,7.9,-58.95046427527624,-58.95045852661133,5.748664911209289e-06,-59.0625,0.11203572472376067,-59.0625,0.11203572472376067
80,8.0,-58.860959632523475,-58.86095428466797,5.347855505988264e-06,-58.96875,0.10779036747652526,-58.96875,0.10779036747652526
81,8.1,-58.77235003619824,-58.77234649658203,3.5396162090250982e-06,-58.875,0.10264996380175972,-58.875,0.10264996380175972
82,8.200000000000001,-58.68462653583626,-58.68462371826172,2.8175745399039442e-06,-58.78125,0.09662346416374135,-58.78125,0.09662346416374135
83,8.3,-58.5977802704779,-58.5977783203125,1.9501653980569245e-06,-58.6875,0.08971972952210194,-58.6875,0.08971972952210194
84,8.4,-58.511802467773116,-58.51179885864258,3.60913053754075e-06,-58.59375,0.08194753222688433,-58.59375,0.08194753222688433
85,8.5,-58.42668444309538,-58.42668151855469,2.9245406949485186e-06,-58.5,0.07331555690461755,-58.5,0.07331555690461755
86,8.6,-58.342417598664426,-58.34241485595703,2.7427073945318625e-06,-58.40625,0.06383240133557422,-58.40625,0.06383240133557422
87,8.700000000000001,-58.25899342267778,-58.25899124145508,2.181222704678021e-06,-58.3125,0.0535065773222172,-58.3125,0.0535065773222172
88,8.8,-58.17640348845101,-58.1764030456543,4.427967112974329e-07,-58.21875,0.04234651154899183,-58.21875,0.04234651154899183
89,8.9,-58.0946394535665,-58.09463882446289,6.291036100947167e-07,-58.125,0.03036054643349928,-58.125,0.03036054643349928
90,9.0,-58.013693059030835,-58.01369094848633,2.110544507161194e-06,-58.03125,0.017556940969164714,-58.03125,0.017556940969164714
91,9.1,-57.93355612844053,-57.933555603027344,5.254131849596888e-07,-57.9375,0.00394387155947129,-57.9375,0.00394387155947129
92,9.200000000000001,-57.854220567156126,-57.85422134399414,7.768380143602371e-07,-57.84375,0.010470567156126265,-57.84375,0.010470567156126265
93,9.3,-57.775678361484566,-57.77568054199219,2.180507621574179e-06,-57.75,0.025678361484565926,-57.75,0.025678361484565926
94,9.4,-57.69792157786972,-57.69792556762695,3.989757232147895e-06,-57.6875,0.010421577869720977,-57.6875,0.010421577869720977
95,9.5,-57.62094236209102,-57.62094497680664,2.6147156191314025e-06,-57.625,0.004057637908978506,-57.625,0.004057637908978506
96,9.600000000000001,-57.54473293847011,-57.544734954833984,2.0163638723147415e-06,-57.5625,0.01776706152988794,-57.5625,0.01776706152988794
97,9.700000000000001,-57.46928560908541,-57.46928787231445,2.263229042398507e-06,-57.5,0.030714390914589274,-57.5,0.030714390914589274
98,9.8,-57.394592752994555,-57.394596099853516,3.34685896064002e-06,-57.4375,0.042907247005445015,-57.4375,0.042907247005445015
99,9.9,-57.32064682546461,-57.32065200805664,5.182592033747824e-06,-57.375,0.05435317453539312,-57.375,0.05435317453539312
100,10.0,-57.24744035720996,-57.24744415283203,3.795622070867921e-06,-57.3125,0.06505964279003962,-57.3125,0.06505964279003962
101,10.100000000000001,-57.17496595363786,-57.17496871948242,2.765844563157316e-06,-57.25,0.07503404636214128,-57.25,0.07503404636214128
102,10.200000000000001,-57.10321629410148,-57.10321807861328,1.7845118023274154e-06,-57.1875,0.08428370589852108,-57.1875,0.08428370589852108
103,10.3,-57.03218413116046,-57.03218460083008,4.6966961519956385e-07,-57.125,0.09281586883953707,-57.125,0.09281586883953707
104,10.4,-56.96186228984886,-56.96186447143555,2.1815866872998413e-06,-57.0625,0.10063771015114042,-57.0625,0.10063771015114042
105,10.5,-56.89224366695037,-56.89224624633789,2.5793875195745386e-06,-57.0,0.10775633304962895,-57.0,0.10775633304962895
106,10.600000000000001,-56.82332123028087,-56.82332229614258,1.0658617100034462e-06,-56.9375,0.11417876971913188,-56.9375,0.11417876971913188
107,10.700000000000001,-56.75508801797806,-56.755088806152344,7.881742831727934e-07,-56.875,0.11991198202193942,-56.875,0.11991198202193942
108,10.8,-56.68753713779828,-56.687538146972656,1.0091743760654026e-06,-56.8125,0.12496286220171982,-56.8125,0.12496286220171982
109,10.9,-56.6206617664203,-56.620662689208984,9.227886863527601e-07,-56.75,0.12933823357970198,-56.75,0.12933823357970198
110,11.0,-56.5544551487561,-56.5544548034668,3.4528930115129697e-07,-56.6875,0.13304485124390197,-56.6875,0.13304485124390197
111,11.100000000000001,-56.488910597268536,-56.48891067504883,7.77802924289972e-08,-56.625,0.1360894027314643,-56.625,0.1360894027314643
112,11.200000000000001,-56.42402149129585,-56.42402267456055,1.183264693338515e-06,-56.5625,0.13847850870414646,-56.5625,0.13847850870414646
113,11.3,-56.3597812763829,-56.35978317260742,1.8962245249554144e-06,-56.5,0.14021872361710308,-56.5,0.14021872361710308
114,11.4,-56.296183463619066,-56.29618453979492,1.0761758559851842e-06,-56.4375,0.1413165363809341,-56.4375,0.1413165363809341
115,11.5,-56.233221628982875,-56.23322296142578,1.3324429062322452e-06,-56.375,0.14177837101712498,-56.375,0.14177837101712498
116,11.600000000000001,-56.17088941269304,-56.17089080810547,1.3954124256088107e-06,-56.3125,0.14161058730695686,-56.3125,0.14161058730695686
117,11.700000000000001,-56.10918051856611,-56.10918045043945,6.812665986899447e-08,-56.25,0.140819481433887,-56.25,0.140819481433887
118,11.8,-56.04808871338045,-56.04808807373047,6.396499827587832e-07,-56.1875,0.1394112866195485,-56.1875,0.1394112866195485
119,11.9,-55.987607826246645,-55.987606048583984,1.7776626606291757e-06,-56.125,0.137392173753355,-56.125,0.137392173753355
120,12.0,-55.927731747984176,-55.927730560302734,1.1876814411948544e-06,-56.0625,0.13476825201582443,-56.0625,0.13476825201582443
121,12.100000000000001,-55.868454430504336,-55.86845397949219,4.5101214851683835e-07,-56.0,0.13154556949566398,-56.0,0.13154556949566398
122,12.200000000000001,-55.80976988619929,-55.80976867675781,1.2094414785224217e-06,-55.9375,0.12773011380070898,-55.9375,0.12773011380070898
123,12.3,-55.7516721873373,-55.751670837402344,1.3499349549306316e-06,-55.875,0.12332781266270132,-55.875,0.12332781266270132
124,12.4,-55.69415546546393,-55.69415283203125,2.633432679033376e-06,-55.8125,0.11834453453607097,-55.8125,0.11834453453607097
125,12.5,-55.63721391080929,-55.637210845947266,3.0648620210627087e-06,-55.75,0.11278608919071331,-55.75,0.11278608919071331
126,12.600000000000001,-55.580841771701195,-55.58083724975586,4.521945335511646e-06,-55.6875,0.10665822829880511,-55.6875,0.10665822829880511
127,12.700000000000001,-55.525033353984185,-55.525028228759766,5.125224419089136e-06,-55.625,0.09996664601581529,-55.625,0.09996664601581529
128,12.8,-55.469783020444346,-55.46977615356445,6.8668798931526e-06,-55.5625,0.09271697955565372,-55.5625,0.09271697955565372
129,12.9,-55.4150851902399,-55.415077209472656,7.98076724350949e-06,-55.5,0.08491480976010024,-55.5,0.08491480976010024
130,13.0,-55.3609343383375,-55.36092758178711,6.756550391173732e-06,-55.4375,0.07656566166249945,-55.4375,0.07656566166249945
131,13.100000000000001,-55.30732499495412,-55.30731964111328,5.35384084088264e-06,-55.375,0.06767500504587787,-55.375,0.06767500504587787
132,13.200000000000001,-55.25425174500458,-55.25424575805664,5.986947940073151e-06,-55.3125,0.0582482549954193,-55.3125,0.0582482549954193
133,13.3,-55.20170922755454,-55.20170211791992,7.109634616142557e-06,-55.25,0.04829077244546198,-55.25,0.04829077244546198
134,13.4,-55.14969213527899,-55.14968490600586,7.229273130349156e-06,-55.1875,0.037807864721010276,-55.1875,0.037807864721010276
135,13.5,-55.098195213926196,-55.09818649291992,8.721006274470255e-06,-55.125,0.026804786073803655,-55.125,0.026804786073803655
136,13.600000000000001,-55.047213261786936,-55.047203063964844,1.0197822092550268e-05,-55.0625,0.0152867382130637,-55.0625,0.0152867382130637
137,13.700000000000001,-54.99674112916907,-54.99673080444336,1.0324725707278049e-05,-55.0,0.003258870830933347,-55.0,0.003258870830933347
138,13.8,-54.94677371787738,-54.94676208496094,1.1632916439907603e-05,-54.9375,0.009273717877377408,-54.9375,0.009273717877377408
139,13.9,-54.897305980698604,-54.89729309082031,1.288987829184407e-05,-54.875,0.022305980698604344,-54.875,0.022305980698604344
140,14.0,-54.84833292089162,-54.84832000732422,1.2913567402961235e-05,-54.8125,0.03583292089162171,-54.8125,0.03583292089162171
141,14.100000000000001,-54.79984959168271,-54.799835205078125,1.4386604583194185e-05,-54.75,0.049849591682708194,-54.75,0.049849591682708194
142,14.200000000000001,-54.75185109576588,-54.75183868408203,1.2411683847801669e-05,-54.6875,0.06435109576587905,-54.6875,0.06435109576587905
143,14.3,-54.70433258480822,-54.70431900024414,1.3584564079849315e-05,-54.625,0.07933258480822047,-54.625,0.07933258480822047
144,14.4,-54.65728925896014,-54.65727615356445,1.310539568777358e-05,-54.59375,0.0635392589601409,-54.59375,0.0635392589601409
145,14.5,-54.61071636637054,-54.61070251464844,1.3851722101776431e-05,-54.5625,0.048216366370539276,-54.5625,0.048216366370539276
146,14.600000000000001,-54.56460920270683,-54.56459426879883,1.4933908005332341e-05,-54.53125,0.03335920270683346,-54.53125,0.03335920270683346
147,14.700000000000001,-54.51896311067976,-54.51894760131836,1.5509361404042465e-05,-54.5,0.018963110679763417,-54.5,0.018963110679763417
148,14.8,-54.47377347957297,-54.473758697509766,1.4782063203711004e-05,-54.46875,0.005023479572969336,-54.46875,0.005023479572969336
149,14.9,-54.42903574477724,-54.429019927978516,1.5816798722312342e-05,-54.4375,0.008464255222762063,-54.4375,0.008464255222762063
150,15.0,-54.38474538732947,-54.38473129272461,1.4094604857461945e-05,-54.40625,0.021504612670533163,-54.40625,0.021504612670533163
151,15.100000000000001,-54.34089793345617,-54.340885162353516,1.277110265363035e-05,-54.375,0.034102066543830745,-54.375,0.034102066543830745
152,15.200000000000001,-54.297488954121604,-54.29747772216797,1.1231953635615355e-05,-54.34375,0.046261045878395635,-54.34375,0.046261045878395635
153,15.3,-54.25451406458039,-54.25450134277344,1.2721806953663872e-05,-54.3125,0.057985935419608836,-54.3125,0.057985935419608836
154,15.4,-54.211968923934585,-54.21195602416992,1.2899764662677171e-05,-54.28125,0.06928107606541545,-54.28125,0.06928107606541545
155,15.5,-54.16984923469524,-54.169837951660156,1.12830350857962e-05,-54.25,0.08015076530475795,-54.25,0.08015076530475795
156,15.600000000000001,-54.12815074234829,-54.12813949584961,1.1246498679895467e-05,-54.21875,0.09059925765171073,-54.21875,0.09059925765171073
157,15.700000000000001,-54.086869234924805,-54.086856842041016,1.2392883789402731e-05,-54.1875,0.10063076507519497,-54.1875,0.10063076507519497
158,15.8,-54.046000542575555,-54.045989990234375,1.055234118041426e-05,-54.15625,0.11024945742444459,-54.15625,0.11024945742444459
159,15.9,-54.0055405371498,-54.005531311035156,9.226114642046923e-06,-54.125,0.1194594628502017,-54.125,0.1194594628502017
160,16.0,-53.9654851317783,-53.965476989746094,8.142032207558714e-06,-54.09375,0.1282648682216987,-54.09375,0.1282648682216987
161,16.1,-53.92583028046052,-53.92582321166992,7.06879059464427e-06,-54.0625,0.13666971953948348,-54.0625,0.13666971953948348
162,16.2,-53.88657197765591,-53.886566162109375,5.815546536780403e-06,-54.03125,0.14467802234408822,-54.03125,0.14467802234408822
163,16.3,-53.84770625787935,-53.84770202636719,4.231512164665219e-06,-54.0,0.15229374212064783,-54.0,0.15229374212064783
164,16.400000000000002,-53.80922919530056,-53.80922317504883,6.0202517317975435e-06,-53.96875,0.15952080469944008,-53.96875,0.15952080469944008
165,16.5,-53.77113690334755,-53.7711296081543,7.295193256595667e-06,-53.9375,0.16636309665244653,-53.9375,0.16636309665244653
166,16.6,-53.73342553431408,-53.73341751098633,8.023327751516263e-06,-53.90625,0.17282446568592036,-53.90625,0.17282446568592036
167,16.7,-53.69609127897094,-53.696083068847656,8.210123283447501e-06,-53.875,0.1789087210290603,-53.875,0.1789087210290603
168,16.8,-53.65913036618123,-53.659122467041016,7.899140214817635e-06,-53.84375,0.18461963381876956,-53.84375,0.18461963381876956
169,16.900000000000002,-53.622539062519415,-53.62253189086914,7.171650274528929e-06,-53.8125,0.18996093748058485,-53.8125,0.18996093748058485
170,17.0,-53.586313671894224,-53.586307525634766,6.1462594587169406e-06,-53.78125,0.19493632810577566,-53.78125,0.19493632810577566
171,17.1,-53.55045053517528,-53.550445556640625,4.97853465475373e-06,-53.75,0.19954946482472025,-53.75,0.19954946482472025
172,17.2,-53.51494602982353,-53.51494216918945,3.8606340737601386e-06,-53.71875,0.20380397017647311,-53.71875,0.20380397017647311
173,17.3,-53.47979656952529,-53.479793548583984,3.020941306886016e-06,-53.6875,0.20770343047470874,-53.6875,0.20770343047470874
174,17.400000000000002,-53.44499860383004,-53.44499588012695,2.723703083518103e-06,-53.65625,0.21125139616996336,-53.65625,0.21125139616996336
175,17.5,-53.41054861779173,-53.410545349121094,3.2686706390450126e-06,-53.625,0.2144513822082672,-53.625,0.2144513822082672
176,17.6,-53.37644313161382,-53.37643814086914,4.9907446779684506e-06,-53.59375,0.2173068683861814,-53.59375,0.2173068683861814
177,17.7,-53.34267870029768,-53.342674255371094,4.4449265885759814e-06,-53.5625,0.21982129970231767,-53.5625,0.21982129970231767
178,17.8,-53.30925191329471,-53.30924606323242,5.850062287038327e-06,-53.53125,0.2219980867052911,-53.53125,0.2219980867052911
179,17.900000000000002,-53.27615939416176,-53.276153564453125,5.829708634053077e-06,-53.5,0.22384060583824095,-53.5,0.22384060583824095
180,18.0,-53.243397800220144,-53.24339294433594,4.855884206733663e-06,-53.46875,0.22535219977985577,-53.46875,0.22535219977985577
181,18.1,-53.21096382221794,-53.210960388183594,3.4340343475491864e-06,-53.4375,0.2265361777820587,-53.4375,0.2265361777820587
182,18.2,-53.17885418399576,-53.17885208129883,2.102696932126946e-06,-53.40625,0.22739581600423975,-53.40625,0.22739581600423975
183,18.3,-53.1470656421558,-53.147064208984375,1.4331714268678297e-06,-53.375,0.22793435784419813,-53.375,0.22793435784419813
184,18.400000000000002,-53.11559498573424,-53.11559295654297,2.029191271901709e-06,-53.34375,0.22815501426575935,-53.34375,0.22815501426575935
185,18.5,-53.0844390358769,-53.08443832397461,7.119022882307036e-07,-53.3125,0.2280609641231024,-53.3125,0.2280609641231024
186,18.6,-53.05359464551813,-53.053592681884766,1.9636333661310346e-06,-53.28125,0.22765535448186824,-53.28125,0.22765535448186824
187,18.7,-53.02305869906295,-53.02305603027344,2.6687895129384742e-06,-53.25,0.22694130093704956,-53.25,0.22694130093704956
188,18.8,-52.992828112072324,-52.99282455444336,3.5576289647565318e-06,-53.21875,0.22592188792767587,-53.21875,0.22592188792767587
189,18.900000000000002,-52.9628998309516,-52.962894439697266,5.391254333630968e-06,-53.1875,0.22460016904840074,-53.1875,0.22460016904840074
190,19.0,-52.93327083264208,-52.933265686035156,5.146606923744912e-06,-53.15625,0.22297916735792,-53.15625,0.22297916735792
191,19.1,-52.90393812431566,-52.903934478759766,3.6455558927173115e-06,-53.125,0.22106187568434166,-53.125,0.22106187568434166
192,19.200000000000003,-52.8748987430725,-52.87489700317383,1.7398986713601516e-06,-53.09375,0.21885125692750051,-53.09375,0.21885125692750051
193,19.3,-52.846149755641775,-52.84614944458008,3.110616972890057e-07,-53.0625,0.21635024435822459,-53.0625,0.21635024435822459
194,19.400000000000002,-52.817688258085354,-52.81768798828125,2.6980410439136904e-07,-53.03125,0.2135617419146456,-53.03125,0.2135617419146456
195,19.5,-52.7895113755045,-52.789512634277344,1.258772840628808e-06,-53.0,0.21048862449549688,-53.0,0.21048862449549688
196,19.6,-52.76161626174946,-52.76161575317383,5.085756313860657e-07,-52.96875,0.2071337382505405,-52.96875,0.2071337382505405
197,19.700000000000003,-52.73400009913197,-52.73400115966797,1.0605360003523856e-06,-52.9375,0.2034999008680316,-52.9375,0.2034999008680316
198,19.8,-52.706660098140645,-52.706661224365234,1.1262245891430211e-06,-52.90625,0.19958990185935477,-52.90625,0.19958990185935477
199,19.900000000000002,-52.67959349715924,-52.679595947265625,2.450106386220341e-06,-52.875,0.19540650284076122,-52.875,0.19540650284076122
200,20.0,-52.652797562187644,-52.652801513671875,3.951484231379254e-06,-52.84375,0.19095243781235638,-52.84375,0.19095243781235638
201,20.1,-52.62626958656577,-52.62627410888672,4.5223209497180505e-06,-52.8125,0.18623041343423097,-52.8125,0.18623041343423097
202,20.200000000000003,-52.60000689070011,-52.60000991821289,3.027512782693975e-06,-52.78125,0.18124310929989207,-52.78125,0.18124310929989207
203,20.3,-52.574006821793105,-52.57400894165039,2.119857285265425e-06,-52.75,0.17599317820689464,-52.75,0.17599317820689464
204,20.400000000000002,-52.54826675357518,-52.54826736450195,6.109267758347414e-07,-52.71875,0.1704832464248227,-52.71875,0.1704832464248227
205,20.5,-52.52278408603942,-52.52278518676758,1.100728155734032e-06,-52.6875,0.1647159139605776,-52.6875,0.1647159139605776
206,20.6,-52.49755624517903,-52.49755859375,2.348570973254027e-06,-52.65625,0.15869375482097325,-52.65625,0.15869375482097325
207,20.700000000000003,-52.472580682727234,-52.47258377075195,3.088024719488658e-06,-52.625,0.15241931727276636,-52.625,0.15241931727276636
208,20.8,-52.447854875899964,-52.44785690307617,2.0271762082302303e-06,-52.59375,0.14589512410003636,-52.59375,0.14589512410003636
209,20.900000000000002,-52.423376327140964,-52.423377990722656,1.6635816919574609e-06,-52.5625,0.1391236728590357,-52.5625,0.1391236728590357
210,21.0,-52.39914256386955,-52.39914321899414,6.55124587467526e-07,-52.53125,0.13210743613044684,-52.53125,0.13210743613044684
211,21.1,-52.375151138230855,-52.375152587890625,1.4496597700031089e-06,-52.5,0.124848861769145,-52.5,0.124848861769145
212,21.200000000000003,-52.35139962684855,-52.351402282714844,2.6558662966635893e-06,-52.46875,0.11735037315145291,-52.46875,0.11735037315145291
213,21.3,-52.32788563058006,-52.32788848876953,2.858189468213368e-06,-52.4375,0.10961436941993696,-52.4375,0.10961436941993696
214,21.400000000000002,-52.30460677427426,-52.30461120605469,4.431780425306897e-06,-52.40625,0.1016432257257378,-52.40625,0.1016432257257378
215,21.5,-52.28156070653152,-52.28156661987305,5.913341524887983e-06,-52.375,0.09343929346847801,-52.375,0.09343929346847801
216,21.6,-52.2587450994662,-52.258750915527344,5.8160611402513496e-06,-52.34375,0.0850049005337965,-52.34375,0.0850049005337965
217,21.700000000000003,-52.23615764847154,-52.23616409301758,6.444546038153476e-06,-52.3125,0.07634235152846003,-52.3125,0.07634235152846003
218,21.8,-52.21379607198683,-52.213802337646484,6.265659656889966e-06,-52.28125,0.06745392801317251,-52.28125,0.06745392801317251
219,21.900000000000002,-52.19165811126696,-52.19166564941406,7.5381471020818935e-06,-52.25,0.05834188873303958,-52.25,0.05834188873303958
220,22.0,-52.16974153015429,-52.16975021362305,8.6834687564874e-06,-52.21875,0.04900846984570961,-52.21875,0.04900846984570961
221,22.1,-52.148044114852745,-52.14805221557617,8.100723427162393e-06,-52.1875,0.03945588514725529,-52.1875,0.03945588514725529
222,22.200000000000003,-52.12656367370422,-52.12657165527344,7.981569218884488e-06,-52.15625,0.029686326295781384,-52.15625,0.029686326295781384
223,22.3,-52.10529803696718,-52.10530471801758,6.681050400914046e-06,-52.125,0.01970196303282279,-52.125,0.01970196303282279
224,22.400000000000002,-52.0842450565975,-52.084251403808594,6.3472110909401636e-06,-52.09375,0.00950494340249719,-52.09375,0.00950494340249719
225,22.5,-52.06340260603153,-52.06340789794922,5.291917688055037e-06,-52.0625,0.000902606031530695,-52.0625,0.000902606031530695
226,22.6,-52.04276857997122,-52.04277420043945,5.620468236600118e-06,-52.03125,0.011518579971216525,-52.03125,0.011518579971216525
227,22.700000000000003,-52.022340894171506,-52.02234649658203,5.602410524829793e-06,-52.0,0.02234089417150642,-52.0,0.02234089417150642
228,22.8,-52.00211748522979,-52.00212478637695,7.30114716418484e-06,-51.96875,0.03336748522978894,-51.96875,0.03336748522978894
229,22.900000000000002,-51.98209631037749,-51.98210525512695,8.94474946022683e-06,-51.9375,0.0445963103774929,-51.9375,0.0445963103774929
230,23.0,-51.96227534727372,-51.962284088134766,8.740861048295301e-06,-51.90625,0.05602534727371733,-51.90625,0.05602534727371733
231,23.1,-51.94265259380098,-51.94266128540039,8.691599411747575e-06,-51.875,0.06765259380097888,-51.875,0.06765259380097888
232,23.200000000000003,-51.92322606786297,-51.92323303222656,6.9643635924876435e-06,-51.84375,0.07947606786297001,-51.84375,0.07947606786297001
233,23.3,-51.90399380718434,-51.90399932861328,5.521428938948247e-06,-51.8125,0.0914938071843423,-51.8125,0.0914938071843423
234,23.400000000000002,-51.8849538691125,-51.88496017456055,6.305448046362017e-06,-51.78125,0.10370386911250051,-51.78125,0.10370386911250051
235,23.5,-51.86610433042137,-51.866111755371094,7.424949721723806e-06,-51.75,0.11610433042137203,-51.75,0.11610433042137203
236,23.6,-51.84744328711716,-51.847450256347656,6.9692304975887964e-06,-51.71875,0.12869328711715866,-51.71875,0.12869328711715866
237,23.700000000000003,-51.828968854245986,-51.828975677490234,6.823244248721494e-06,-51.6875,0.14146885424598565,-51.6875,0.14146885424598565
238,23.8,-51.810679165703526,-51.81068420410156,5.0383980365609204e-06,-51.65625,0.15442916570352594,-51.65625,0.15442916570352594
239,23.900000000000002,-51.79257237404649,-51.79257583618164,3.4621351474584117e-06,-51.625,0.16757237404649317,-51.625,0.16757237404649317
240,24.0,-51.774646650306025,-51.77465057373047,3.923424443996737e-06,-51.59375,0.18089665030602475,-51.59375,0.18089665030602475
241,24.1,-51.75690018380296,-51.75690460205078,4.418247819160115e-06,-51.5625,0.1944001838029621,-51.5625,0.1944001838029621
242,24.200000000000003,-51.739331181964936,-51.73933410644531,2.92448037697568e-06,-51.5625,0.17683118196493552,-51.5625,0.17683118196493552
243,24.3,-51.72193787014529,-51.72193908691406,1.2167687728492638e-06,-51.5625,0.15943787014528965,-51.5625,0.15943787014528965
244,24.400000000000002,-51.704718491443835,-51.70471954345703,1.052013196556345e-06,-51.5625,0.1422184914438347,-51.5625,0.1422184914438347
245,24.5,-51.687671306529396,-51.68767166137695,3.548475575598786e-07,-51.5625,0.12517130652939557,-51.5625,0.12517130652939557
246,24.6,-51.6707945934641,-51.67079544067383,8.472097263734213e-07,-51.5625,0.10829459346410175,-51.5625,0.10829459346410175
247,24.700000000000003,-51.65408664752946,-51.65408706665039,4.1912092996199135e-07,-51.5625,0.09158664752946066,-51.5625,0.09158664752946066
248,24.8,-51.637545781054165,-51.63754653930664,7.582524759186526e-07,-51.5625,0.0750457810541647,-51.5625,0.0750457810541647
249,24.900000000000002,-51.621170323243625,-51.62117004394531,2.792983124777493e-07,-51.5625,0.05867032324362498,-51.5625,0.05867032324362498
250,25.0,-51.60495862001119,-51.604957580566406,1.0394447826911346e-06,-51.5625,0.04245862001118894,-51.5625,0.04245862001118894
251,25.1,-51.58890903381108,-51.58890914916992,1.1535884425484255e-07,-51.5625,0.02640903381107762,-51.5625,0.02640903381107762
252,25.200000000000003,-51.573019943472964,-51.573020935058594,9.915856296061065e-07,-51.5625,0.010519943472964144,-51.5625,0.010519943472964144
253,25.3,-51.557289744038236,-51.557289123535156,6.205030800288114e-07,-51.5625,0.005210255961763721,-51.5625,0.005210255961763721
254,25.400000000000002,-51.54171684659785,-51.541717529296875,6.826990244235276e-07,-51.5625,0.020783153402149424,-51.5625,0.020783153402149424
255,25.5,-51.52629967813187,-51.52629852294922,1.1551826517575137e-06,-51.5625,0.03620032186812949,-51.5625,0.03620032186812949
256,25.6,-51.511036681350554,-51.51103591918945,7.621611004537954e-07,-51.5625,0.05146331864944642,-51.5625,0.05146331864944642
257,25.700000000000003,-51.49592631453705,-51.49592590332031,4.112167388825583e-07,-51.5625,0.06657368546294862,-51.5625,0.06657368546294862
258,25.8,-51.48096705139168,-51.4809684753418,1.4239501169299729e-06,-51.5625,0.08153294860832005,-51.5625,0.08153294860832005
259,25.900000000000002,-51.46615738087776,-51.46615982055664,2.43967888025054e-06,-51.5625,0.09634261912223963,-51.5625,0.09634261912223963
260,26.0,-51.45149580706898,-51.451499938964844,4.131895863679347e-06,-51.5625,0.11100419293101993,-51.5625,0.11100419293101993
261,26.1,-51.43698084899829,-51.43698501586914,4.166870851918247e-06,-51.5625,0.1255191510017113,-51.5625,0.1255191510017113
262,26.200000000000003,-51.42261104050831,-51.42261505126953,4.010761223582904e-06,-51.5625,0.13988895949169233,-51.5625,0.13988895949169233
263,26.3,-51.408384930103225,-51.408390045166016,5.115062791105629e-06,-51.5625,0.15411506989677548,-51.5625,0.15411506989677548
264,26.400000000000002,-51.394301080802194,-51.39430618286133,5.102059134287629e-06,-51.5625,0.16819891919780616,-51.5625,0.16819891919780616
265,26.5,-51.38035806999417,-51.38036346435547,5.394361295429917e-06,-51.5625,0.18214193000582668,-51.5625,0.18214193000582668
266,26.6,-51.36655448929423,-51.36655807495117,3.585656941140769e-06,-51.5625,0.19594551070576927,-51.5625,0.19594551070576927
267,26.700000000000003,-51.352888944401286,-51.3528938293457,4.884944416971848e-06,-51.5625,0.20961105559871385,-51.5625,0.20961105559871385
268,26.8,-51.339360054957275,-51.33936309814453,3.04318725596886e-06,-51.5625,0.22313994504272472,-51.5625,0.22313994504272472
269,26.900000000000002,-51.325966454407705,-51.32596969604492,3.241637216433446e-06,-51.5625,0.23653354559229456,-51.5625,0.23653354559229456
270,27.0,-51.312706789863626,-51.31270980834961,3.0184859838300326e-06,-51.5625,0.24979321013637446,-51.5625,0.24979321013637446
271,27.1,-51.29957972196499,-51.299583435058594,3.7130936050289165e-06,-51.5625,0.2629202780350113,-51.5625,0.2629202780350113
272,27.200000000000003,-51.28658392474534,-51.28658676147461,2.836729272814864e-06,-51.5625,0.27591607525466344,-51.5625,0.27591607525466344
273,27.3,-51.27371808549788,-51.273719787597656,1.7020997731265197e-06,-51.5625,0.2887819145021169,-51.5625,0.2887819145021169
274,27.400000000000002,-51.260980904642906,-51.260982513427734,1.6087848280221806e-06,-51.5625,0.30151909535709365,-51.5625,0.30151909535709365
275,27.5,-51.248371095596475,-51.24837112426758,2.8671102825228445e-08,-51.5625,0.3141289044035247,-51.5625,0.3141289044035247
276,27.6,-51.23588738464051,-51.23588562011719,1.764523325675782e-06,-51.5625,0.3266126153594868,-51.5625,0.3266126153594868
277,27.700000000000003,-51.22352851079411,-51.22352600097656,2.5098175484572494e-06,-51.5625,0.33897148920588904,-51.5625,0.33897148920588904
278,27.8,-51.21129322568617,-51.2112922668457,9.588404665805683e-07,-51.5625,0.3512067743138303,-51.5625,0.3512067743138303
279,27.900000000000002,-51.19918029342931,-51.199180603027344,3.0959803609675873e-07,-51.5625,0.36331970657069235,-51.5625,0.36331970657069235
280,28.0,-51.18718849049502,-51.18718719482422,1.2956707990952054e-06,-51.5625,0.37531150950498215,-51.5625,0.37531150950498215
281,28.1,-51.17531660559007,-51.175315856933594,7.486564754799474e-07,-51.5625,0.38718339440993077,-51.5625,0.38718339440993077
282,28.200000000000003,-51.163563439534165,-51.1635627746582,6.648759622862599e-07,-51.5625,0.3989365604658346,-51.5625,0.3989365604658346
283,28.3,-51.151927805138826,-51.15192794799805,1.4285922134149587e-07,-51.5625,0.41057219486117447,-51.5625,0.41057219486117447
284,28.400000000000002,-51.14040852708744,-51.14040756225586,9.648315781873862e-07,-51.5625,0.42209147291256244,-51.5625,0.42209147291256244
285,28.5,-51.12900444181656,-51.12900161743164,2.8243849214959482e-06,-51.5625,0.4334955581834379,-51.5625,0.4334955581834379
286,28.6,-51.117714397398395,-51.11771011352539,4.283873003885219e-06,-51.5625,0.4447856026016055,-51.5625,0.4447856026016055
287,28.700000000000003,-51.10653725342441,-51.10653305053711,4.2028873039612336e-06,-51.5625,0.45596274657558666,-51.5625,0.45596274657558666
288,28.8,-51.095471880890166,-51.09546661376953,5.267120634755429e-06,-51.5625,0.467028119109834,-51.5625,0.467028119109834
289,28.900000000000002,-51.08451716208126,-51.084510803222656,6.358858605892692e-06,-51.5625,0.47798283791873786,-51.5625,0.47798283791873786
290,29.0,-51.07367199046045,-51.073665618896484,6.371563962659366e-06,-51.5625,0.48882800953955297,-51.5625,0.48882800953955297
291,29.1,-51.06293527055584,-51.06292724609375,8.02446209036134e-06,-51.5625,0.49956472944415964,-51.5625,0.49956472944415964
292,29.200000000000003,-51.05230591785028,-51.05229949951172,6.418338564628812e-06,-51.5625,0.5101940821497166,-51.5625,0.5101940821497166
293,29.3,-51.04178285867178,-51.04177474975586,8.10891592095686e-06,-51.5625,0.5207171413282197,-51.5625,0.5207171413282197
294,29.400000000000002,-51.03136503008506,-51.03135681152344,8.218561625028542e-06,-51.5625,0.5311349699149375,-51.5625,0.5311349699149375
295,29.5,-51.02105137978421,-51.02104187011719,9.50966702362166e-06,-51.5625,0.5414486202157889,-51.5625,0.5414486202157889
296,29.6,-51.01084086598637,-51.01082992553711,1.0940449257645923e-05,-51.5625,0.551659134013633,-51.5625,0.551659134013633
297,29.700000000000003,-51.00073245732651,-51.0007209777832,1.147954330349421e-05,-51.5625,0.5617675426734934,-51.5625,0.5617675426734934
298,29.8,-50.99072513275324,-50.99071502685547,1.0105897771950367e-05,-51.5625,0.5717748672467593,-51.5625,0.5717748672467593
299,29.900000000000002,-50.98081788142571,-50.98080825805664,9.623369066957821e-06,-51.5625,0.5816821185742924,-51.5625,0.5816821185742924
300,30.0,-50.971009702611454,-50.97100067138672,9.031224735167598e-06,-51.5625,0.5914902973885461,-51.5625,0.5914902973885461
301,30.1,-50.96129960558534,-50.9612922668457,7.338739635542879e-06,-51.5625,0.6012003944146613,-51.5625,0.6012003944146613
302,30.200000000000003,-50.95168660952949,-50.95167922973633,7.3797931605668055e-06,-51.5625,0.6108133904705113,-51.5625,0.6108133904705113
303,30.3,-50.94216974343419,-50.942161560058594,8.183375598491693e-06,-51.5625,0.6203302565658078,-51.5625,0.6203302565658078
304,30.400000000000002,-50.93274804599985,-50.9327392578125,8.788187351171928e-06,-51.5625,0.6297519540001488,-51.5625,0.6297519540001488
305,30.5,-50.92342056553985,-50.92341232299805,8.242541802871983e-06,-51.5625,0.6390794344601503,-51.5625,0.6390794344601503
306,30.6,-50.914186359884454,-50.91417694091797,9.418966484986413e-06,-51.5625,0.6483136401155463,-51.5625,0.6483136401155463
307,30.700000000000003,-50.90504449628561,-50.90503692626953,7.570016080649111e-06,-51.5625,0.6574555037143881,-51.5625,0.6574555037143881
308,30.8,-50.89599405132276,-50.89598846435547,5.586967290582834e-06,-51.5625,0.6665059486772407,-51.5625,0.6665059486772407
309,30.900000000000002,-50.88703411080953,-50.887027740478516,6.37033101469342e-06,-51.5625,0.6754658891904697,-51.5625,0.6754658891904697
310,31.0,-50.87816376970144,-50.87815856933594,5.200365500002135e-06,-51.5625,0.6843362302985625,-51.5625,0.6843362302985625
311,31.1,-50.869382132004425,-50.86937713623047,4.995773956295579e-06,-51.5625,0.693117867995575,-51.5625,0.693117867995575
312,31.200000000000003,-50.86068831068438,-50.86068344116211,4.8695222716332864e-06,-51.5625,0.701811689315619,-51.5625,0.701811689315619
313,31.3,-50.85208142757754,-50.85207748413086,3.943446678533746e-06,-51.5625,0.7104185724224621,-51.5625,0.7104185724224621
314,31.400000000000002,-50.84356061330176,-50.84355545043945,5.162862308338845e-06,-51.5625,0.7189393866982385,-51.5625,0.7189393866982385
315,31.5,-50.83512500716874,-50.835121154785156,3.852383585467578e-06,-51.5625,0.7273749928312583,-51.5625,0.7273749928312583
316,31.6,-50.82677375709705,-50.8267707824707,2.9746263479069057e-06,-51.5625,0.735726242902949,-51.5625,0.735726242902949
317,31.700000000000003,-50.81850601952608,-50.818504333496094,1.6860299894005948e-06,-51.5625,0.7439939804739168,-51.5625,0.7439939804739168
318,31.8,-50.810320959330824,-50.81031799316406,2.9661667610980658e-06,-51.5625,0.7521790406691764,-51.5625,0.7521790406691764
319,31.900000000000002,-50.802217749737515,-50.802215576171875,2.173565640362085e-06,-51.5625,0.7602822502624846,-51.5625,0.7602822502624846
320,32.0,-50.79419557224014,-50.794193267822266,2.304417876075604e-06,-51.5625,0.7683044277598583,-51.5625,0.7683044277598583
321,32.1,-50.78625361651774,-50.786251068115234,2.548402505908598e-06,-51.5625,0.7762463834822597,-51.5625,0.7762463834822597
322,32.2,-50.77839108035256,-50.77838897705078,2.103301781630762e-06,-51.5625,0.7841089196474371,-51.5625,0.7841089196474371
323,32.300000000000004,-50.77060716954904,-50.770606994628906,1.749201317124971e-07,-51.5625,0.791892830450962,-51.5625,0.791892830450962
324,32.4,-50.76290109785355,-50.762901306152344,2.0829879332495693e-07,-51.5625,0.7995989021464496,-51.5625,0.7995989021464496
325,32.5,-50.75527208687502,-50.755271911621094,1.7525392337347512e-07,-51.5625,0.8072279131249829,-51.5625,0.8072279131249829
326,32.6,-50.747719366006265,-50.747718811035156,5.549711090679921e-07,-51.5625,0.8147806339937347,-51.5625,0.8147806339937347
327,32.7,-50.7402421723462,-50.74024200439453,1.679516685726412e-07,-51.5625,0.8222578276538002,-51.5625,0.8222578276538002
328,32.800000000000004,-50.73283975062274,-50.73284149169922,1.7410764812098023e-06,-51.5625,0.8296602493772625,-51.5625,0.8296602493772625
329,32.9,-50.72551135311651,-50.72551345825195,2.1051354437418013e-06,-51.5625,0.8369886468834906,-51.5625,0.8369886468834906
330,33.0,-50.718256239585344,-50.718257904052734,1.6644673905830132e-06,-51.5625,0.8442437604146562,-51.5625,0.8442437604146562
331,33.1,-50.71107367718949,-50.71107482910156,1.1519120732828014e-06,-51.5625,0.8514263228105108,-51.5625,0.8514263228105108
332,33.2,-50.7039629404176,-50.70396423339844,1.2929808406170196e-06,-51.5625,0.8585370595824031,-51.5625,0.8585370595824031
333,33.300000000000004,-50.69692331101342,-50.69692611694336,2.8059299381766323e-06,-51.5625,0.8655766889865788,-51.5625,0.8655766889865788
334,33.4,-50.68995407790329,-50.68995666503906,2.5871357749451818e-06,-51.5625,0.8725459220967124,-51.5625,0.8725459220967124
335,33.5,-50.68305453712426,-50.68305587768555,1.3405612904193731e-06,-51.5625,0.8794454628757435,-51.5625,0.8794454628757435
336,33.6,-50.67622399175301,-50.67622375488281,2.3687019989893088e-07,-51.5625,0.8862760082469876,-51.5625,0.8862760082469876
337,33.7,-50.669461751835485,-50.66946029663086,1.4552046252447326e-06,-51.5625,0.8930382481645154,-51.5625,0.8930382481645154
338,33.800000000000004,-50.66276713431713,-50.66276550292969,1.6313874411366669e-06,-51.5625,0.8997328656828714,-51.5625,0.8997328656828714
339,33.9,-50.656139462973954,-50.6561393737793,8.919465699364082e-08,-51.5625,0.9063605370260461,-51.5625,0.9063605370260461
340,34.0,-50.64957806834421,-50.64957809448242,2.6138209818782343e-08,-51.5625,0.9129219316557879,-51.5625,0.9129219316557879
341,34.1,-50.64308228766077,-50.64308166503906,6.226217053040273e-07,-51.5625,0.9194177123392322,-51.5625,0.9194177123392322
342,34.2,-50.63665146478416,-50.63665008544922,1.3793349395996302e-06,-51.5625,0.9258485352158417,-51.5625,0.9258485352158417
343,34.300000000000004,-50.630284950136314,-50.63028335571289,1.5944234235121257e-06,-51.5625,0.9322150498636859,-51.5625,0.9322150498636859
344,34.4,-50.623982100634954,-50.62398147583008,6.248048762813596e-07,-51.5625,0.9385178993650456,-51.5625,0.9385178993650456
345,34.5,-50.61774227962861,-50.617740631103516,1.6485250924347383e-06,-51.5625,0.9447577203713919,-51.5625,0.9447577203713919
346,34.6,-50.611564856832324,-50.61156463623047,2.2060185500549778e-07,-51.5625,0.9509351431676762,-51.5625,0.9509351431676762
347,34.7,-50.605449208264,-50.60544967651367,4.682496737018482e-07,-51.5625,0.9570507917360018,-51.5625,0.9570507917360018
348,34.800000000000004,-50.59939471618136,-50.599395751953125,1.0357717670217426e-06,-51.5625,0.963105283818642,-51.5625,0.963105283818642
349,34.9,-50.593400769019546,-50.59340286254883,2.093529282376494e-06,-51.5625,0.9690992309804543,-51.5625,0.9690992309804543
350,35.0,-50.58746676132935,-50.587467193603516,4.322741631312965e-07,-51.5625,0.9750332386706475,-51.5625,0.9750332386706475
351,35.1,-50.58159209371606,-50.58159255981445,4.660983918824968e-07,-51.5625,0.9809079062839388,-51.5625,0.9809079062839388
352,35.2,-50.5757761727789,-50.575775146484375,1.0262945266958923e-06,-51.5625,0.9867238272210983,-51.5625,0.9867238272210983
353,35.300000000000004,-50.570018411051116,-50.57001876831055,3.5725943092757007e-07,-51.5625,0.992481588948884,-51.5625,0.992481588948884
354,35.4,-50.56431822694061,-50.5643196105957,1.3836550962764704e-06,-51.5625,0.9981817730593932,-51.5625,0.9981817730593932
355,35.5,-50.5586750446712,-50.558677673339844,2.6286686463095066e-06,-51.5625,1.0038249553288026,-51.5625,1.0038249553288026
356,35.6,-50.55308829422449,-50.5530891418457,8.476212158825547e-07,-51.5625,1.0094117057755128,-51.5625,1.0094117057755128
357,35.7,-50.54755741128224,-50.54755783081055,4.195283054286847e-07,-51.5625,1.0149425887177586,-51.5625,1.0149425887177586
358,35.800000000000004,-50.54208183716942,-50.542083740234375,1.9030649553997137e-06,-51.5625,1.0204181628305804,-51.5625,1.0204181628305804
359,35.9,-50.53666101879772,-50.53666305541992,2.036622198886562e-06,-51.5625,1.025838981202277,-51.5625,1.025838981202277
360,36.0,-50.531294408609746,-50.53129577636719,1.3677574415282834e-06,-51.5625,1.031205591390254,-51.5625,1.031205591390254
361,36.1,-50.525981464523646,-50.52598190307617,4.385525258499001e-07,-51.5625,1.036518535476354,-51.5625,1.036518535476354
362,36.2,-50.52072164987841,-50.520721435546875,2.1433153563066298e-07,-51.5625,1.0417783501215894,-51.5625,1.0417783501215894
363,36.300000000000004,-50.51551443337963,-50.5155143737793,5.960033178098456e-08,-51.5625,1.0469855666203713,-51.5625,1.0469855666203713
364,36.4,-50.51035928904583,-50.51036071777344,1.4287276073332578e-06,-51.5625,1.0521407109541698,-51.5625,1.0521407109541698
365,36.5,-50.50525569615537,-50.50525665283203,9.566766578927854e-07,-51.5625,1.0572443038446266,-51.5625,1.0572443038446266
366,36.6,-50.50020313919382,-50.500205993652344,2.8544585219947294e-06,-51.5625,1.0622968608061782,-51.5625,1.0622968608061782
367,36.7,-50.49520110780188,-50.49520492553711,3.817735226618879e-06,-51.5625,1.0672988921981172,-51.5625,1.0672988921981172
368,36.800000000000004,-50.490249096723865,-50.49025344848633,4.351762463272735e-06,-51.5625,1.0722509032761351,-51.5625,1.0722509032761351
369,36.9,-50.485346605756625,-50.4853515625,4.9567433748620715e-06,-51.5625,1.0771533942433749,-51.5625,1.0771533942433749
370,37.0,-50.48049313969906,-50.480499267578125,6.127879068174025e-06,-51.5625,1.0820068603009432,-51.5625,1.0820068603009432
371,37.1,-50.47568820830207,-50.47569274902344,4.5407213704606875e-06,-51.5625,1.086811791697933,-51.5625,1.086811791697933
372,37.2,-50.470931326219045,-50.4709358215332,4.49531415824822e-06,-51.5625,1.0915686737809551,-51.5625,1.0915686737809551
373,37.300000000000004,-50.466222012956855,-50.466224670410156,2.657453300969337e-06,-51.5625,1.0962779870431447,-51.5625,1.0962779870431447
374,37.4,-50.46155979282729,-50.46156311035156,3.317524274848438e-06,-51.5625,1.1009402071727123,-51.5625,1.1009402071727123
375,37.5,-50.456944194899016,-50.456947326660156,3.1317611401959766e-06,-51.5625,1.105555805100984,-51.5625,1.105555805100984
376,37.6,-50.45237475295003,-50.45237731933594,2.5663859091196173e-06,-51.5625,1.1101252470499716,-51.5625,1.1101252470499716
377,37.7,-50.44785100542053,-50.447853088378906,2.0829583746717617e-06,-51.5625,1.1146489945794684,-51.5625,1.1146489945794684
378,37.800000000000004,-50.443372495366326,-50.44337463378906,2.1384227366638697e-06,-51.5625,1.1191275046336742,-51.5625,1.1191275046336742
379,37.9,-50.43893877041266,-50.438941955566406,3.1851537443117195e-06,-51.5625,1.123561229587338,-51.5625,1.123561229587338
380,38.0,-50.43454938270853,-50.43455123901367,1.8563051398245989e-06,-51.5625,1.127950617291468,-51.5625,1.127950617291468
381,38.1,-50.430203888881444,-50.430206298828125,2.4099466813254367e-06,-51.5625,1.1322961111185563,-51.5625,1.1322961111185563
382,38.2,-50.42590184999263,-50.4259033203125,1.4703198729648648e-06,-51.5625,1.136598150007373,-51.5625,1.136598150007373
383,38.300000000000004,-50.421642831492704,-50.42164611816406,3.2866713581825024e-06,-51.5625,1.1408571685072957,-51.5625,1.1408571685072957
384,38.400000000000006,-50.41742640317778,-50.41743087768555,4.474507768748026e-06,-51.5625,1.1450735968222219,-51.5625,1.1450735968222219
385,38.5,-50.413252139146,-50.41325759887695,5.459730950008179e-06,-51.5625,1.1492478608539969,-51.5625,1.1492478608539969
386,38.6,-50.40911961775454,-50.40912628173828,6.663983739940704e-06,-51.5625,1.1533803822454587,-51.5625,1.1533803822454587
387,38.7,-50.40502842157699,-50.40503692626953,8.504692537769643e-06,-51.5625,1.1574715784230065,-51.5625,1.1574715784230065
388,38.800000000000004,-50.40097813736122,-50.40098571777344,7.5804122161571286e-06,-51.5625,1.1615218626387787,-51.5625,1.1615218626387787
389,38.900000000000006,-50.39696835598761,-50.396976470947266,8.114959655358689e-06,-51.5625,1.1655316440123897,-51.5625,1.1655316440123897
390,39.0,-50.39299867242774,-50.39300537109375,6.698666012994181e-06,-51.5625,1.169501327572263,-51.5625,1.169501327572263
391,39.1,-50.38906868570346,-50.389076232910156,7.547206699598519e-06,-51.5625,1.1734313142965433,-51.5625,1.1734313142965433
392,39.2,-50.38517799884642,-50.38518524169922,7.242852795741328e-06,-51.5625,1.177322001153577,-51.5625,1.177322001153577
393,39.300000000000004,-50.38132621885796,-50.38133239746094,6.178602980355663e-06,-51.5625,1.1811737811420429,-51.5625,1.1811737811420429
394,39.400000000000006,-50.37751295666938,-50.37751770019531,4.7435259347139436e-06,-51.5625,1.1849870433306222,-51.5625,1.1849870433306222
395,39.5,-50.37373782710269,-50.373741149902344,3.3227996567575246e-06,-51.5625,1.188762172897313,-51.5625,1.188762172897313
396,39.6,-50.37000044883166,-50.37000274658203,2.2977503704169067e-06,-51.5625,1.1924995511683392,-51.5625,1.1924995511683392
397,39.7,-50.366300444343345,-50.366302490234375,2.0458910299225863e-06,-51.5625,1.196199555656655,-51.5625,1.196199555656655
398,39.800000000000004,-50.36263743989991,-50.362640380859375,2.940959461739112e-06,-51.5625,1.1998625601000867,-51.5625,1.1998625601000867
399,39.900000000000006,-50.359011065500916,-50.359012603759766,1.5382588500756356e-06,-51.5625,1.2034889344990845,-51.5625,1.2034889344990845
400,40.0,-50.355420954845904,-50.35542297363281,2.0187869083088117e-06,-51.5625,1.2070790451540958,-51.5625,1.2070790451540958
401,40.1,-50.35186674529744,-50.35186767578125,9.304838073376231e-07,-51.5625,1.2106332547025573,-51.5625,1.2106332547025573
402,40.2,-50.34834807784447,-50.348350524902344,2.447057873666836e-06,-51.5625,1.21415192215553,-51.5625,1.21415192215553
403,40.300000000000004,-50.34486459706603,-50.34486770629883,3.1092328001136593e-06,-51.5625,1.217635402933972,-51.5625,1.217635402933972
404,40.400000000000006,-50.34141595109537,-50.3414192199707,3.2688753321963304e-06,-51.5625,1.221084048904629,-51.5625,1.221084048904629
405,40.5,-50.33800179158442,-50.33800506591797,3.274333550962183e-06,-51.5625,1.2244982084155822,-51.5625,1.2244982084155822
406,40.6,-50.33462177366857,-50.334625244140625,3.4704720519584953e-06,-51.5625,1.227878226331427,-51.5625,1.227878226331427
407,40.7,-50.33127555593189,-50.33127975463867,4.198706783142825e-06,-51.5625,1.2312244440681113,-51.5625,1.2312244440681113
408,40.800000000000004,-50.32796280037257,-50.32796859741211,5.797039541732829e-06,-51.5625,1.2345371996274324,-51.5625,1.2345371996274324
409,40.900000000000006,-50.32468317236884,-50.32468795776367,4.785394828843437e-06,-51.5625,1.237816827631157,-51.5625,1.237816827631157
410,41.0,-50.32143634064516,-50.321441650390625,5.30974546819607e-06,-51.5625,1.2410636593548432,-51.5625,1.2410636593548432
411,41.1,-50.31822197723871,-50.3182258605957,3.883356995970644e-06,-51.5625,1.2442780227612928,-51.5625,1.2442780227612928
412,41.2,-50.31503975746632,-50.31504440307617,4.645609848807908e-06,-51.5625,1.247460242533677,-51.5625,1.247460242533677
413,41.300000000000004,-50.31188935989166,-50.311893463134766,4.103243107067556e-06,-51.5625,1.2506106401083414,-51.5625,1.2506106401083414
414,41.400000000000006,-50.30877046629274,-50.308773040771484,2.5744787421899673e-06,-51.5625,1.2537295337072578,-51.5625,1.2537295337072578
415,41.5,-50.30568276162982,-50.305686950683594,4.18905377586043e-06,-51.5625,1.256817238370182,-51.5625,1.256817238370182
416,41.6,-50.30262593401352,-50.30263137817383,5.444160308343271e-06,-51.5625,1.2598740659864802,-51.5625,1.2598740659864802
417,41.7,-50.29959967467339,-50.29960632324219,6.648568799505483e-06,-51.5625,1.262900325326612,-51.5625,1.262900325326612
418,41.800000000000004,-50.296603677926655,-50.29661178588867,8.107962017334103e-06,-51.5625,1.2658963220733455,-51.5625,1.2658963220733455
419,41.900000000000006,-50.293637641147384,-50.293643951416016,6.310268631182225e-06,-51.5625,1.2688623588526156,-51.5625,1.2688623588526156
420,42.0,-50.29070126473591,-50.290706634521484,5.369785576192498e-06,-51.5625,1.2717987352640918,-51.5625,1.2717987352640918
421,42.1,-50.28779425208855,-50.28779983520508,5.583116525542664e-06,-51.5625,1.2747057479114474,-51.5625,1.2747057479114474
422,42.2,-50.28491630956767,-50.2849235534668,7.243899126763154e-06,-51.5625,1.2775836904323299,-51.5625,1.2775836904323299
423,42.300000000000004,-50.282067146471995,-50.282073974609375,6.828137379955024e-06,-51.5625,1.280432853528005,-51.5625,1.280432853528005
424,42.400000000000006,-50.27924647500728,-50.27925491333008,8.438322801396225e-06,-51.5625,1.2832535249927233,-51.5625,1.2832535249927233
425,42.5,-50.276454010257204,-50.27646255493164,8.54467443645035e-06,-51.5625,1.2860459897427958,-51.5625,1.2860459897427958
426,42.6,-50.27368947015463,-50.27369689941406,7.4292594334224304e-06,-51.5625,1.288810529845371,-51.5625,1.288810529845371
427,42.7,-50.27095257545308,-50.27096176147461,9.186021529217214e-06,-51.5625,1.2915474245469198,-51.5625,1.2915474245469198
428,42.800000000000004,-50.26824304969855,-50.268253326416016,1.0276717468116203e-05,-51.5625,1.2942569503014525,-51.5625,1.2942569503014525
429,42.900000000000006,-50.265560619201565,-50.26557159423828,1.097503671587674e-05,-51.5625,1.2969393807984346,-51.5625,1.2969393807984346
430,43.0,-50.26290501300955,-50.262916564941406,1.1551931855535713e-05,-51.5625,1.2995949869904493,-51.5625,1.2995949869904493
431,43.1,-50.260275962879454,-50.26028823852539,1.2275645936199453e-05,-51.5625,1.3022240371205456,-51.5625,1.3022240371205456
432,43.2,-50.25767320325066,-50.257686614990234,1.3411739573143677e-05,-51.5625,1.3048267967493388,-51.5625,1.3048267967493388
433,43.300000000000004,-50.25509647121815,-50.25510787963867,1.1408420519387619e-05,-51.5625,1.3074035287818475,-51.5625,1.3074035287818475
434,43.400000000000006,-50.25254550650597,-50.25255584716797,1.0340662001340206e-05,-51.5625,1.3099544934940326,-51.5625,1.3099544934940326
435,43.5,-50.250020051440906,-50.250030517578125,1.0466137219111715e-05,-51.5625,1.3124799485590941,-51.5625,1.3124799485590941
436,43.6,-50.247519850926494,-50.24753189086914,1.2039942646424606e-05,-51.5625,1.3149801490735058,-51.5625,1.3149801490735058
437,43.7,-50.24504465241723,-50.24505615234375,1.1499926522162696e-05,-51.5625,1.3174553475827722,-51.5625,1.3174553475827722
438,43.800000000000004,-50.242594205893056,-50.24260711669922,1.2910806162835797e-05,-51.5625,1.319905794106944,-51.5625,1.319905794106944
439,43.900000000000006,-50.24016826383413,-50.24018096923828,1.2705404152768551e-05,-51.5625,1.3223317361658715,-51.5625,1.3223317361658715
440,44.0,-50.237766581195785,-50.23777770996094,1.1128765152079723e-05,-51.5625,1.3247334188042146,-51.5625,1.3247334188042146
441,44.1,-50.23538891538383,-50.23540115356445,1.2238180623569406e-05,-51.5625,1.3271110846161704,-51.5625,1.3271110846161704
442,44.2,-50.23303502622999,-50.23304748535156,1.245912157088469e-05,-51.5625,1.3294649737700084,-51.5625,1.3294649737700084
443,44.300000000000004,-50.230704675967694,-50.230716705322266,1.2029354572007378e-05,-51.5625,1.3317953240323064,-51.5625,1.3317953240323064
444,44.400000000000006,-50.22839762920802,-50.22840881347656,1.1184268544184306e-05,-51.5625,1.3341023707919817,-51.5625,1.3341023707919817
445,44.5,-50.22611365291594,-50.22612380981445,1.0156898511581858e-05,-51.5625,1.3363863470840585,-51.5625,1.3363863470840585
446,44.6,-50.223852516386785,-50.22386169433594,9.177949152672227e-06,-51.5625,1.3386474836132152,-51.5625,1.3386474836132152
447,44.7,-50.22161399122292,-50.221622467041016,8.475818098929722e-06,-51.5625,1.3408860087770833,-51.5625,1.3408860087770833
448,44.800000000000004,-50.21939785131069,-50.21940612792969,8.276618999047969e-06,-51.5625,1.3431021486893115,-51.5625,1.3431021486893115
449,44.900000000000006,-50.21720387279758,-50.21721267700195,8.804204369994295e-06,-51.5625,1.3452961272024169,-51.5625,1.3452961272024169
450,45.0,-50.215031834069606,-50.21504211425781,1.0280188206479579e-05,-51.5625,1.347468165930394,-51.5625,1.347468165930394
451,45.1,-50.21288151572891,-50.212890625,9.109271090324e-06,-51.5625,1.3496184842710903,-51.5625,1.3496184842710903
452,45.2,-50.21075270057162,-50.21076202392578,9.323354163370823e-06,-51.5625,1.3517472994283821,-51.5625,1.3517472994283821
453,45.300000000000004,-50.2086451735659,-50.208656311035156,1.113746925796022e-05,-51.5625,1.3538548264341017,-51.5625,1.3538548264341017
454,45.400000000000006,-50.20655872183024,-50.20656967163086,1.0949800618220706e-05,-51.5625,1.3559412781697588,-51.5625,1.3559412781697588
455,45.5,-50.20449313461194,-50.20450210571289,8.971100953658606e-06,-51.5625,1.358006865388063,-51.5625,1.358006865388063
456,45.6,-50.20244820326582,-50.202457427978516,9.224712698596704e-06,-51.5625,1.360051796734183,-51.5625,1.360051796734183
457,45.7,-50.20042372123316,-50.20043182373047,8.102497311313073e-06,-51.5625,1.3620762787668426,-51.5625,1.3620762787668426
458,45.800000000000004,-50.198419484020825,-50.198429107666016,9.623645190970365e-06,-51.5625,1.3640805159791753,-51.5625,1.3640805159791753
459,45.900000000000006,-50.19643528918061,-50.19644546508789,1.017590727769857e-05,-51.5625,1.366064710819387,-51.5625,1.366064710819387
460,46.0,-50.19447093628881,-50.194480895996094,9.959707284679098e-06,-51.5625,1.368029063711191,-51.5625,1.368029063711191
461,46.1,-50.19252622692592,-50.192535400390625,9.173464704304024e-06,-51.5625,1.3699737730740793,-51.5625,1.3699737730740793
462,46.2,-50.19060096465666,-50.190608978271484,8.01361482416496e-06,-51.5625,1.3718990353433398,-51.5625,1.3718990353433398
463,46.300000000000004,-50.18869495501009,-50.18870162963867,6.674628579617092e-06,-51.5625,1.3738050449899077,-51.5625,1.3738050449899077
464,46.400000000000006,-50.186808005459994,-50.18681335449219,5.349032193180392e-06,-51.5625,1.3756919945400057,-51.5625,1.3756919945400057
465,46.5,-50.184939925405395,-50.18494415283203,4.227426636305154e-06,-51.5625,1.377560074594605,-51.5625,1.377560074594605
466,46.6,-50.18309052615134,-50.1830940246582,3.4985068637638506e-06,-51.5625,1.3794094738486606,-51.5625,1.3794094738486606
467,46.7,-50.181259620889826,-50.1812629699707,3.3490808775127334e-06,-51.5625,1.3812403791101744,-51.5625,1.3812403791101744
468,46.800000000000004,-50.179447024680925,-50.17945098876953,3.9640886058123215e-06,-51.5625,1.3830529753190746,-51.5625,1.3830529753190746
469,46.900000000000006,-50.17765255443412,-50.17765808105469,5.52662056918507e-06,-51.5625,1.3848474455658817,-51.5625,1.3848474455658817
470,47.0,-50.175876028889775,-50.175880432128906,4.403239131534065e-06,-51.5625,1.3866239711102253,-51.5625,1.3866239711102253
471,47.1,-50.174117268600874,-50.17412185668945,4.588088579282612e-06,-51.5625,1.3883827313991262,-51.5625,1.3883827313991262
472,47.2,-50.17237609591486,-50.17238235473633,6.258821464655284e-06,-51.5625,1.3901239040851365,-51.5625,1.3901239040851365
473,47.300000000000004,-50.17065233495571,-50.170658111572266,5.776616553987424e-06,-51.5625,1.3918476650442884,-51.5625,1.3918476650442884
474,47.400000000000006,-50.16894581160616,-50.16895294189453,7.130288373957683e-06,-51.5625,1.3935541883938427,-51.5625,1.3935541883938427
475,47.5,-50.167256353490096,-50.16726303100586,6.677515763442443e-06,-51.5625,1.395243646509904,-51.5625,1.395243646509904
476,47.6,-50.16558378995519,-50.165592193603516,8.40364832299656e-06,-51.5625,1.3969162100448074,-51.5625,1.3969162100448074
477,47.7,-50.163927952055644,-50.163936614990234,8.66293459012013e-06,-51.5625,1.3985720479443557,-51.5625,1.3985720479443557
478,47.800000000000004,-50.16228867253509,-50.162296295166016,7.622630924686291e-06,-51.5625,1.400211327464909,-51.5625,1.400211327464909
479,47.900000000000006,-50.16066578580974,-50.160675048828125,9.26301838433119e-06,-51.5625,1.4018342141902593,-51.5625,1.4018342141902593
480,48.0,-50.15905912795164,-50.1590690612793,9.933327653754986e-06,-51.5625,1.4034408720483569,-51.5625,1.4034408720483569
481,48.1,-50.15746853667213,-50.15747833251953,9.795847404348024e-06,-51.5625,1.405031463327873,-51.5625,1.405031463327873
482,48.2,-50.15589385130541,-50.15590286254883,9.011243420786741e-06,-51.5625,1.4066061486945927,-51.5625,1.4066061486945927
483,48.300000000000004,-50.15433491279235,-50.15434265136719,7.738574836935186e-06,-51.5625,1.4081650872076494,-51.5625,1.4081650872076494
484,48.400000000000006,-50.15279156366443,-50.15279769897461,6.135310179899989e-06,-51.5625,1.4097084363355705,-51.5625,1.4097084363355705
485,48.5,-50.151263648027786,-50.151268005371094,4.357343307503925e-06,-51.5625,1.4112363519722138,-51.5625,1.4112363519722138
486,48.6,-50.14975101154751,-50.14975357055664,2.559009132596657e-06,-51.5625,1.412748988452492,-51.5625,1.412748988452492
487,48.7,-50.14825350143203,-50.14825439453125,8.930992194677856e-07,-51.5625,1.4142464985679695,-51.5625,1.4142464985679695
488,48.800000000000004,-50.14677096641771,-50.14677047729492,4.891227902703577e-07,-51.5625,1.4157290335822879,-51.5625,1.4157290335822879
489,48.900000000000006,-50.145303256753536,-50.145301818847656,1.4379058796976096e-06,-51.5625,1.417196743246464,-51.5625,1.417196743246464
490,49.0,-50.143850224186004,-50.14384841918945,1.804996550447413e-06,-51.5625,1.4186497758139964,-51.5625,1.4186497758139964
491,49.1,-50.14241172194414,-50.14241027832031,1.4436238302550919e-06,-51.5625,1.4200882780558572,-51.5625,1.4200882780558572
492,49.2,-50.1409876047247,-50.140987396240234,2.084844652472384e-07,-51.5625,1.4215123952753004,-51.5625,1.4215123952753004
493,49.300000000000004,-50.13957772867745,-50.13957595825195,1.7704254986483647e-06,-51.5625,1.4229222713225482,-51.5625,1.4229222713225482
494,49.400000000000006,-50.13818195139068,-50.138179779052734,2.1723379433069567e-06,-51.5625,1.4243180486093223,-51.5625,1.4243180486093223
495,49.5,-50.13680013187677,-50.13679885864258,1.2732341900800748e-06,-51.5625,1.4256998681232318,-51.5625,1.4256998681232318
496,49.6,-50.135432130558,-50.13542938232422,2.748233782767784e-06,-51.5625,1.4270678694419985,-51.5625,1.4270678694419985
497,49.7,-50.134077809252425,-50.13407516479492,2.644457502753994e-06,-51.5625,1.4284221907475754,-51.5625,1.4284221907475754
498,49.800000000000004,-50.1327370311599,-50.13273620605469,8.251052108221302e-07,-51.5625,1.4297629688401017,-51.5625,1.4297629688401017
499,49.900000000000006,-50.1314096608483,-50.13140869140625,9.694420484152033e-07,-51.5625,1.4310903391517016,-51.5625,1.4310903391517016
