step,time_ms,v_float64_brian,v_float16_brian,v_posit16_brian,v_float64_manual,v_float16_manual,v_posit16_manual,diff_brian_vs_manual_float64,diff_brian_vs_manual_float16
0,0.0,-70.0,-70.00732421875,,-69.8,-69.8125,-69.8125,-0.20000000000000284,-0.19482421875
1,0.1,-69.8,-69.82421875,,-69.602,-69.625,-69.625,-0.1979999999999933,-0.19921875
2,0.2,-69.598,-69.64111328125,,-69.40598,-69.4375,-69.4375,-0.1920199999999994,-0.20361328125
3,0.30000000000000004,-69.39398000000001,-69.4580078125,,-69.2119202,-69.25,-69.25,-0.18205980000001887,-0.2080078125
4,0.4,-69.1879198,-69.27490234375,,-69.019800998,-69.0625,-69.0625,-0.16811880200000928,-0.21240234375
5,0.5,-68.979798998,-69.091796875,,-68.82960298802,-68.875,-68.875,-0.15019600998000726,-0.216796875
6,0.6000000000000001,-68.76959698798001,-68.90869140625,,-68.6413069581398,-68.6875,-68.6875,-0.12829002984021542,-0.22119140625
7,0.7,-68.55729295785981,-68.7255859375,,-68.4548938885584,-68.5,-68.5,-0.10239906930141274,-0.2255859375
8,0.8,-68.3428658874384,-68.54248046875,,-68.27034494967282,-68.3125,-68.3125,-0.07252093776558866,-0.22998046875
9,0.9,-68.12629454631279,-68.29833984375,,-68.08764150017609,-68.125,-68.125,-0.03865304613670162,-0.17333984375
10,1.0,-67.90755749177592,-68.05419921875,,-67.90676508517433,-67.9375,-67.9375,-0.0007924066015903009,-0.11669921875
11,1.1,-67.68663306669367,-67.81005859375,,-67.72769743432258,-67.75,-67.75,0.04106436762890553,-0.06005859375
12,1.2000000000000002,-67.46349939736061,-67.56591796875,,-67.55042045997935,-67.5625,-67.5625,0.08692106261874244,-0.00341796875
13,1.3,-67.23813439133421,-67.32177734375,,-67.37491625537956,-67.375,-67.375,0.13678186404534642,0.05322265625
14,1.4,-67.01051573524757,-67.07763671875,,-67.20116709282577,-67.1875,-67.1875,0.19065135757820428,0.10986328125
15,1.5,-66.78062089260003,-66.83349609375,,-67.02915542189751,-67.0,-67.0,0.24853452929748698,0.16650390625
16,1.6,-66.54842710152603,-66.58935546875,,-66.85886386767854,-66.8125,-66.8125,0.31043676615250604,0.22314453125
17,1.7000000000000002,-66.3139113725413,-66.34521484375,,-66.69027522900176,-66.625,-66.625,0.37636385646045767,0.27978515625
18,1.8,-66.0770504862667,-66.10107421875,,-66.52337247671174,-66.4375,-66.4375,0.4463219904450426,0.33642578125
19,1.9,-65.83782099112938,-65.85693359375,,-66.35813875194462,-66.25,-66.25,0.5203177608152458,0.39306640625
20,2.0,-65.59619920104068,-65.61279296875,,-66.19455736442518,-66.0625,-66.0625,0.5983581633845034,0.44970703125
21,2.1,-65.35216119305107,-65.36865234375,,-66.03261179078093,-65.875,-65.875,0.6804505977298589,0.50634765625
22,2.2,-65.1056828049816,-65.12451171875,,-65.87228567287312,-65.6875,-65.6875,0.7666028678915211,0.56298828125
23,2.3,-64.85673963303141,-64.88037109375,,-65.71356281614439,-65.5,-65.5,0.8568231831129793,0.61962890625
24,2.4000000000000004,-64.60530702936174,-64.63623046875,,-65.55642718798295,-65.375,-65.375,0.9511201586212081,0.73876953125
25,2.5,-64.35136009965535,-64.39208984375,,-65.40086291610312,-65.25,-65.25,1.0495028164477702,0.85791015625
26,2.6,-64.0948737006519,-64.14794921875,,-65.2468542869421,-65.125,-65.125,1.1519805862901933,0.97705078125
27,2.7,-63.83582243765842,-63.90380859375,,-65.09438574407268,-65.0,-65.0,1.2585633064142598,1.09619140625
28,2.8,-63.574180662035005,-63.65966796875,,-64.94344188663196,-64.875,-64.875,1.3692612245969542,1.21533203125
29,2.9000000000000004,-63.30992246865535,-63.41552734375,,-64.79400746776564,-64.75,-64.75,1.4840849991102871,1.33447265625
30,3.0,-63.0430216933419,-63.17138671875,,-64.64606739308798,-64.625,-64.625,1.603045699746076,1.45361328125
31,3.1,-62.77345191027532,-62.92724609375,,-64.4996067191571,-64.5,-64.5,1.7261548088817804,1.57275390625
32,3.2,-62.50118642937807,-62.68310546875,,-64.35461065196553,-64.375,-64.375,1.8534242225874564,1.69189453125
33,3.3,-62.22619829367185,-62.408447265625,,-64.21106454544588,-64.25,-64.25,1.9848662517740294,1.841552734375
34,3.4000000000000004,-61.94846027660857,-62.1337890625,,-64.06895389999141,-64.125,-64.125,2.120493623382842,1.9912109375
35,3.5,-61.66794487937466,-61.859130859375,,-63.9282643609915,-63.96875,-63.96875,2.2603194816168397,2.109619140625
36,3.6,-61.38462432816841,-61.58447265625,,-63.78898171738158,-63.84375,-63.84375,2.4043573892131747,2.25927734375
37,3.7,-61.098470571450086,-61.309814453125,,-63.65109190020777,-63.71875,-63.71875,2.552621328757681,2.408935546875
38,3.8,-60.80945527716459,-61.03515625,,-63.51458098120569,-63.59375,-63.59375,2.7051257040411016,2.55859375
39,3.9000000000000004,-60.517549829936236,-60.72998046875,,-63.37943517139363,-63.46875,-63.46875,2.861885341457395,2.73876953125
40,4.0,-60.2227253282356,-60.4248046875,,-63.24564081967969,-63.34375,-63.34375,3.0229154914440954,2.9189453125
41,4.1000000000000005,-59.92495258151796,-60.11962890625,,-63.1131844114829,-63.21875,-63.21875,3.1882318299649413,3.09912109375
42,4.2,-59.62420210733313,-59.814453125,,-62.98205256736807,-63.09375,-63.09375,3.357850460034939,3.279296875
43,4.3,-59.320444128406464,-59.50927734375,,-62.85223204169439,-62.96875,-62.96875,3.5317879132879284,3.45947265625
44,4.4,-59.01364856969053,-59.2041015625,,-62.72370972127745,-62.84375,-62.84375,3.7100611515869204,3.6396484375
45,4.5,-58.703785055387435,-58.89892578125,,-62.596472624064674,-62.71875,-62.71875,3.892687568677239,3.81982421875
46,4.6,-58.390822905941306,-58.59375,,-62.47050789782403,-62.59375,-62.59375,4.079684991882722,4.0
47,4.7,-58.074731135000725,-58.28857421875,,-62.34580281884579,-62.46875,-62.46875,4.271071683845065,4.18017578125
48,4.800000000000001,-57.75547844635073,-57.9833984375,,-62.22234479065733,-62.34375,-62.34375,4.466866344306602,4.3603515625
49,4.8999999999999995,-57.43303323081424,-57.67822265625,,-62.10012134275076,-62.21875,-62.21875,4.667088111936522,4.54052734375
50,5.0,-57.10736356312238,-57.342529296875,,-61.979120129323256,-62.09375,-62.09375,4.8717565662008795,4.751220703125
51,5.1000000000000005,-56.77843719875359,-57.0068359375,,-61.859328928030024,-61.96875,-61.96875,5.080891729276431,4.9619140625
52,5.2,-56.44622157074113,-56.671142578125,,-61.740735638749726,-61.84375,-61.84375,5.294514068008596,5.172607421875
53,5.3,-56.11068378644855,-56.33544921875,,-61.62332828236223,-61.71875,-61.71875,5.512644495913683,5.38330078125
54,5.4,-55.771790624313034,-55.999755859375,,-61.50709499953861,-61.59375,-61.59375,5.735304375225574,5.593994140625
55,5.5,-55.42950853055616,-55.6640625,,-61.392024049543224,-61.46875,-61.46875,5.962515518987061,5.8046875
56,5.6,-55.083803615861726,-55.328369140625,,-61.27810380904779,-61.34375,-61.34375,6.194300193186066,6.015380859375
57,5.7,-54.73464165202034,-54.99267578125,,-61.16532277095732,-61.21875,-61.21875,6.430681118936974,6.22607421875
58,5.800000000000001,-54.381988068540544,-54.656982421875,,-61.05366954324774,-61.09375,-61.09375,6.671681474707199,6.436767578125
59,5.8999999999999995,-54.02580794922595,-54.290771484375,,-60.943132847815264,-60.96875,-60.96875,6.917324898589314,6.677978515625
60,6.0,-53.666066028718205,-53.924560546875,,-60.83370151933711,-60.84375,-60.84375,7.167635490618906,6.919189453125
61,6.1000000000000005,-53.30272668900539,-53.558349609375,,-60.72536450414374,-60.75,-60.75,7.422637815138351,7.191650390625
62,6.2,-52.93575395589544,-53.192138671875,,-60.6181108591023,-60.65625,-60.65625,7.682356903206859,7.464111328125
63,6.3,-52.565111495454396,-52.825927734375,,-60.51192975051128,-60.5625,-60.5625,7.946818255056883,7.736572265625
64,6.4,-52.19076261040894,-52.459716796875,,-60.406810453006166,-60.46875,-60.46875,8.216047842597227,8.009033203125
65,6.5,-51.81267023651303,-52.093505859375,,-60.3027423484761,-60.375,-60.375,8.490072111963073,8.281494140625
66,6.6,-51.43079693887815,-51.727294921875,,-60.19971492499134,-60.28125,-60.28125,8.768917986113188,8.553955078125
67,6.7,-51.045104908266936,-51.33056640625,,-60.09771777574143,-60.1875,-60.1875,9.052612867474494,8.85693359375
68,6.800000000000001,-50.655555957349605,-50.933837890625,,-59.996740597984015,-60.09375,-60.09375,9.34118464063441,9.159912109375
69,6.9,-50.2621115169231,-50.537109375,,-59.896773192004176,-60.0,-60.0,9.634661675081077,9.462890625
70,7.0,-70.0,-50.140380859375,,-59.797805460084135,-59.90625,-59.90625,-10.202194539915865,9.765869140625
71,7.1000000000000005,-70.0,-70.00732421875,,-59.69982740548329,-59.8125,-59.8125,-10.30017259451671,-10.19482421875
72,7.2,-70.0,-70.00732421875,,-59.60282913142846,-59.71875,-59.71875,-10.397170868571543,-10.28857421875
73,7.3,-70.0,-70.00732421875,,-59.506800840114174,-59.625,-59.625,-10.493199159885826,-10.38232421875
74,7.4,-70.0,-70.00732421875,,-59.41173283171303,-59.53125,-59.53125,-10.588267168286968,-10.47607421875
75,7.5,-70.0,-70.00732421875,,-59.3176155033959,-59.4375,-59.4375,-10.6823844966041,-10.56982421875
76,7.6,-70.0,-70.00732421875,,-59.22443934836194,-59.34375,-59.34375,-10.77556065163806,-10.66357421875
77,7.7,-70.0,-70.00732421875,,-59.13219495487832,-59.25,-59.25,-10.867805045121678,-10.75732421875
78,7.800000000000001,-70.0,-70.00732421875,,-59.04087300532954,-59.15625,-59.15625,-10.959126994670463,-10.85107421875
79,7.9,-70.0,-70.00732421875,,-58.95046427527624,-59.0625,-59.0625,-11.04953572472376,-10.94482421875
80,8.0,-70.0,-70.00732421875,,-58.860959632523475,-58.96875,-58.96875,-11.139040367476525,-11.03857421875
81,8.1,-70.0,-70.00732421875,,-58.77235003619824,-58.875,-58.875,-11.22764996380176,-11.13232421875
82,8.200000000000001,-70.0,-70.00732421875,,-58.68462653583626,-58.78125,-58.78125,-11.315373464163741,-11.22607421875
83,8.3,-70.0,-70.00732421875,,-58.5977802704779,-58.6875,-58.6875,-11.402219729522102,-11.31982421875
84,8.4,-70.0,-70.00732421875,,-58.511802467773116,-58.59375,-58.59375,-11.488197532226884,-11.41357421875
85,8.5,-70.0,-70.00732421875,,-58.42668444309538,-58.5,-58.5,-11.573315556904618,-11.50732421875
86,8.6,-70.0,-70.00732421875,,-58.342417598664426,-58.40625,-58.40625,-11.657582401335574,-11.60107421875
87,8.700000000000001,-70.0,-70.00732421875,,-58.25899342267778,-58.3125,-58.3125,-11.741006577322217,-11.69482421875
88,8.8,-70.0,-70.00732421875,,-58.17640348845101,-58.21875,-58.21875,-11.823596511548992,-11.78857421875
89,8.9,-70.0,-70.00732421875,,-58.0946394535665,-58.125,-58.125,-11.9053605464335,-11.88232421875
90,9.0,-70.0,-70.00732421875,,-58.013693059030835,-58.03125,-58.03125,-11.986306940969165,-11.97607421875
91,9.1,-70.0,-70.00732421875,,-57.93355612844053,-57.9375,-57.9375,-12.066443871559471,-12.06982421875
92,9.2,-70.0,-70.00732421875,,-57.854220567156126,-57.84375,-57.84375,-12.145779432843874,-12.16357421875
93,9.3,-70.0,-70.00732421875,,-57.775678361484566,-57.75,-57.75,-12.224321638515434,-12.25732421875
94,9.4,-70.0,-70.00732421875,,-57.69792157786972,-57.6875,-57.6875,-12.302078422130279,-12.31982421875
95,9.5,-70.0,-70.00732421875,,-57.62094236209102,-57.625,-57.625,-12.379057637908979,-12.38232421875
96,9.600000000000001,-70.0,-70.00732421875,,-57.54473293847011,-57.5625,-57.5625,-12.455267061529888,-12.44482421875
97,9.7,-70.0,-70.00732421875,,-57.46928560908541,-57.5,-57.5,-12.53071439091459,-12.50732421875
98,9.799999999999999,-70.0,-70.00732421875,,-57.394592752994555,-57.4375,-57.4375,-12.605407247005445,-12.56982421875
99,9.9,-70.0,-70.00732421875,,-57.32064682546461,-57.375,-57.375,-12.679353174535393,-12.63232421875
100,10.0,-70.0,-70.00732421875,,-57.24744035720996,-57.3125,-57.3125,-12.75255964279004,-12.69482421875
101,10.100000000000001,-70.0,-70.00732421875,,-57.17496595363786,-57.25,-57.25,-12.825034046362141,-12.75732421875
102,10.200000000000001,-70.0,-70.00732421875,,-57.10321629410148,-57.1875,-57.1875,-12.896783705898521,-12.81982421875
103,10.3,-70.0,-70.00732421875,,-57.03218413116046,-57.125,-57.125,-12.967815868839537,-12.88232421875
104,10.4,-70.0,-70.00732421875,,-56.96186228984886,-57.0625,-57.0625,-13.03813771015114,-12.94482421875
105,10.5,-70.0,-70.00732421875,,-56.89224366695037,-57.0,-57.0,-13.107756333049629,-13.00732421875
106,10.6,-70.0,-70.00732421875,,-56.82332123028087,-56.9375,-56.9375,-13.176678769719132,-13.06982421875
107,10.700000000000001,-70.0,-70.00732421875,,-56.75508801797806,-56.875,-56.875,-13.24491198202194,-13.13232421875
108,10.8,-70.0,-70.00732421875,,-56.68753713779828,-56.8125,-56.8125,-13.31246286220172,-13.19482421875
109,10.9,-70.0,-70.00732421875,,-56.6206617664203,-56.75,-56.75,-13.379338233579702,-13.25732421875
110,11.0,-70.0,-70.00732421875,,-56.5544551487561,-56.6875,-56.6875,-13.445544851243902,-13.31982421875
111,11.1,-70.0,-70.00732421875,,-56.488910597268536,-56.625,-56.625,-13.511089402731464,-13.38232421875
112,11.2,-70.0,-70.00732421875,,-56.42402149129585,-56.5625,-56.5625,-13.575978508704146,-13.44482421875
113,11.3,-70.0,-70.00732421875,,-56.3597812763829,-56.5,-56.5,-13.640218723617103,-13.50732421875
114,11.4,-70.0,-70.00732421875,,-56.296183463619066,-56.4375,-56.4375,-13.703816536380934,-13.56982421875
115,11.5,-70.0,-70.00732421875,,-56.233221628982875,-56.375,-56.375,-13.766778371017125,-13.63232421875
116,11.600000000000001,-70.0,-70.00732421875,,-56.17088941269304,-56.3125,-56.3125,-13.829110587306957,-13.69482421875
117,11.7,-70.0,-70.00732421875,,-56.10918051856611,-56.25,-56.25,-13.890819481433887,-13.75732421875
118,11.799999999999999,-70.0,-70.00732421875,,-56.04808871338045,-56.1875,-56.1875,-13.951911286619548,-13.81982421875
119,11.9,-70.0,-70.00732421875,,-55.987607826246645,-56.125,-56.125,-14.012392173753355,-13.88232421875
120,12.0,-69.8,-70.00732421875,,-55.927731747984176,-56.0625,-56.0625,-13.872268252015822,-13.94482421875
121,12.100000000000001,-69.598,-69.82421875,,-55.868454430504336,-56.0,-56.0,-13.729545569495663,-13.82421875
122,12.200000000000001,-69.39398000000001,-69.64111328125,,-55.80976988619929,-55.9375,-55.9375,-13.584210113800722,-13.70361328125
123,12.3,-69.1879198,-69.4580078125,,-55.7516721873373,-55.875,-55.875,-13.436247612662704,-13.5830078125
124,12.4,-68.979798998,-69.27490234375,,-55.69415546546393,-55.8125,-55.8125,-13.285643532536078,-13.46240234375
125,12.5,-68.76959698798001,-69.091796875,,-55.63721391080929,-55.75,-55.75,-13.132383077170722,-13.341796875
126,12.6,-68.55729295785981,-68.90869140625,,-55.580841771701195,-55.6875,-55.6875,-12.97645118615862,-13.22119140625
127,12.700000000000001,-68.3428658874384,-68.7255859375,,-55.525033353984185,-55.625,-55.625,-12.817832533454222,-13.1005859375
128,12.8,-68.12629454631279,-68.54248046875,,-55.469783020444346,-55.5625,-55.5625,-12.656511525868446,-12.97998046875
129,12.9,-67.90755749177592,-68.29833984375,,-55.4150851902399,-55.5,-55.5,-12.492472301536019,-12.79833984375
130,13.0,-67.68663306669367,-68.05419921875,,-55.3609343383375,-55.4375,-55.4375,-12.325698728356173,-12.61669921875
131,13.1,-67.46349939736061,-67.81005859375,,-55.30732499495412,-55.375,-55.375,-12.156174402406485,-12.43505859375
132,13.2,-67.23813439133421,-67.56591796875,,-55.25425174500458,-55.3125,-55.3125,-11.983882646329633,-12.25341796875
133,13.3,-67.01051573524757,-67.32177734375,,-55.20170922755454,-55.25,-55.25,-11.808806507693028,-12.07177734375
134,13.4,-66.78062089260003,-67.07763671875,,-55.14969213527899,-55.1875,-55.1875,-11.630928757321037,-11.89013671875
135,13.5,-66.54842710152603,-66.83349609375,,-55.098195213926196,-55.125,-55.125,-11.450231887599834,-11.70849609375
136,13.600000000000001,-66.3139113725413,-66.58935546875,,-55.047213261786936,-55.0625,-55.0625,-11.266698110754362,-11.52685546875
137,13.7,-66.0770504862667,-66.34521484375,,-54.99674112916907,-55.0,-55.0,-11.080309357097633,-11.34521484375
138,13.8,-65.83782099112938,-66.10107421875,,-54.94677371787738,-54.9375,-54.9375,-10.891047273252,-11.16357421875
139,13.9,-65.59619920104068,-65.85693359375,,-54.897305980698604,-54.875,-54.875,-10.698893220342072,-10.98193359375
140,14.0,-65.35216119305107,-65.61279296875,,-54.84833292089162,-54.8125,-54.8125,-10.503828272159453,-10.80029296875
141,14.100000000000001,-65.1056828049816,-65.36865234375,,-54.79984959168271,-54.75,-54.75,-10.30583321329889,-10.61865234375
142,14.200000000000001,-64.85673963303141,-65.12451171875,,-54.75185109576588,-54.6875,-54.6875,-10.10488853726553,-10.43701171875
143,14.3,-64.60530702936174,-64.88037109375,,-54.70433258480822,-54.625,-54.625,-9.900974444553519,-10.25537109375
144,14.4,-64.35136009965535,-64.63623046875,,-54.65728925896014,-54.59375,-54.59375,-9.694070840695211,-10.04248046875
145,14.5,-64.0948737006519,-64.39208984375,,-54.61071636637054,-54.5625,-54.5625,-9.484157334281363,-9.82958984375
146,14.6,-63.83582243765842,-64.14794921875,,-54.56460920270683,-54.53125,-54.53125,-9.271213234951588,-9.61669921875
147,14.700000000000001,-63.574180662035005,-63.90380859375,,-54.51896311067976,-54.5,-54.5,-9.055217551355241,-9.40380859375
148,14.8,-63.30992246865535,-63.65966796875,,-54.47377347957297,-54.46875,-54.46875,-8.836148989082382,-9.19091796875
149,14.9,-63.0430216933419,-63.41552734375,,-54.42903574477724,-54.4375,-54.4375,-8.613985948564661,-8.97802734375
150,15.0,-62.77345191027532,-63.17138671875,,-54.38474538732947,-54.40625,-54.40625,-8.388706522945853,-8.76513671875
151,15.1,-62.50118642937807,-62.92724609375,,-54.34089793345617,-54.375,-54.375,-8.160288495921904,-8.55224609375
152,15.2,-62.22619829367185,-62.68310546875,,-54.297488954121604,-54.34375,-54.34375,-7.928709339550245,-8.33935546875
153,15.3,-61.94846027660857,-62.408447265625,,-54.25451406458039,-54.3125,-54.3125,-7.69394621202818,-8.095947265625
154,15.4,-61.66794487937466,-62.1337890625,,-54.211968923934585,-54.28125,-54.28125,-7.455975955440074,-7.8525390625
155,15.5,-61.38462432816841,-61.859130859375,,-54.16984923469524,-54.25,-54.25,-7.214775093473165,-7.609130859375
156,15.600000000000001,-61.098470571450086,-61.58447265625,,-54.12815074234829,-54.21875,-54.21875,-6.970319829101797,-7.36572265625
157,15.700000000000001,-60.80945527716459,-61.309814453125,,-54.086869234924805,-54.1875,-54.1875,-6.722586042239783,-7.122314453125
158,15.8,-60.517549829936236,-61.03515625,,-54.046000542575555,-54.15625,-54.15625,-6.471549287360681,-6.87890625
159,15.9,-60.2227253282356,-60.72998046875,,-54.0055405371498,-54.125,-54.125,-6.217184791085799,-6.60498046875
160,16.0,-59.92495258151796,-60.4248046875,,-53.9654851317783,-54.09375,-54.09375,-5.959467449739655,-6.3310546875
161,16.099999999999998,-59.62420210733313,-60.11962890625,,-53.92583028046052,-54.0625,-54.0625,-5.6983718268726165,-6.05712890625
162,16.2,-59.320444128406464,-59.814453125,,-53.88657197765591,-54.03125,-54.03125,-5.4338721507505525,-5.783203125
163,16.3,-59.01364856969053,-59.50927734375,,-53.84770625787935,-54.0,-54.0,-5.165942311811179,-5.50927734375
164,16.400000000000002,-58.703785055387435,-59.2041015625,,-53.80922919530056,-53.96875,-53.96875,-4.894555860086875,-5.2353515625
165,16.5,-58.390822905941306,-58.89892578125,,-53.77113690334755,-53.9375,-53.9375,-4.6196860025937525,-4.96142578125
166,16.6,-58.074731135000725,-58.59375,,-53.73342553431408,-53.90625,-53.90625,-4.3413056006866455,-4.6875
167,16.7,-57.75547844635073,-58.28857421875,,-53.69609127897094,-53.875,-53.875,-4.059387167379789,-4.41357421875
168,16.8,-57.43303323081424,-57.9833984375,,-53.65913036618123,-53.84375,-53.84375,-3.7739028646330084,-4.1396484375
169,16.900000000000002,-57.10736356312238,-57.67822265625,,-53.622539062519415,-53.8125,-53.8125,-3.4848245006029615,-3.86572265625
170,17.0,-56.77843719875359,-57.342529296875,,-53.586313671894224,-53.78125,-53.78125,-3.192123526859369,-3.561279296875
171,17.1,-56.44622157074113,-57.0068359375,,-53.55045053517528,-53.75,-53.75,-2.8957710355658506,-3.2568359375
172,17.2,-56.11068378644855,-56.671142578125,,-53.51494602982353,-53.71875,-53.71875,-2.59573775662502,-2.952392578125
173,17.3,-55.771790624313034,-56.33544921875,,-53.47979656952529,-53.6875,-53.6875,-2.291994054787743,-2.64794921875
174,17.400000000000002,-55.42950853055616,-55.999755859375,,-53.44499860383004,-53.65625,-53.65625,-1.9845099267261261,-2.343505859375
175,17.5,-55.083803615861726,-55.6640625,,-53.41054861779173,-53.625,-53.625,-1.673254998069993,-2.0390625
176,17.6,-54.73464165202034,-55.328369140625,,-53.37644313161382,-53.59375,-53.59375,-1.3581985204065248,-1.734619140625
177,17.7,-54.381988068540544,-54.99267578125,,-53.34267870029768,-53.5625,-53.5625,-1.0393093682428614,-1.43017578125
178,17.8,-54.02580794922595,-54.656982421875,,-53.30925191329471,-53.53125,-53.53125,-0.7165560359312408,-1.125732421875
179,17.9,-53.666066028718205,-54.290771484375,,-53.27615939416176,-53.5,-53.5,-0.38990663455644636,-0.790771484375
180,18.0,-53.30272668900539,-53.924560546875,,-53.243397800220144,-53.46875,-53.46875,-0.059328888785245226,-0.455810546875
181,18.1,-52.93575395589544,-53.558349609375,,-53.21096382221794,-53.4375,-53.4375,0.27520986632249844,-0.120849609375
182,18.2,-52.565111495454396,-53.192138671875,,-53.17885418399576,-53.40625,-53.40625,0.6137426885413646,0.214111328125
183,18.3,-52.19076261040894,-52.825927734375,,-53.1470656421558,-53.375,-53.375,0.956303031746863,0.549072265625
184,18.4,-51.81267023651303,-52.459716796875,,-53.11559498573424,-53.34375,-53.34375,1.3029247492212122,0.884033203125
185,18.500000000000004,-51.43079693887815,-52.093505859375,,-53.0844390358769,-53.3125,-53.3125,1.6536420969987446,1.218994140625
186,18.6,-51.045104908266936,-51.727294921875,,-53.05359464551813,-53.28125,-53.28125,2.008489737251196,1.553955078125
187,18.7,-50.655555957349605,-51.33056640625,,-53.02305869906295,-53.25,-53.25,2.367502741713345,1.91943359375
188,18.8,-50.2621115169231,-50.933837890625,,-52.992828112072324,-53.21875,-53.21875,2.730716595149225,2.284912109375
189,18.9,-70.0,-50.537109375,,-52.9628998309516,-53.1875,-53.1875,-17.0371001690484,2.650390625
190,19.0,-70.0,-50.140380859375,,-52.93327083264208,-53.15625,-53.15625,-17.06672916735792,3.015869140625
191,19.1,-70.0,-70.00732421875,,-52.90393812431566,-53.125,-53.125,-17.09606187568434,-16.88232421875
192,19.200000000000003,-70.0,-70.00732421875,,-52.8748987430725,-53.09375,-53.09375,-17.1251012569275,-16.91357421875
193,19.3,-70.0,-70.00732421875,,-52.846149755641775,-53.0625,-53.0625,-17.153850244358225,-16.94482421875
194,19.4,-70.0,-70.00732421875,,-52.817688258085354,-53.03125,-53.03125,-17.182311741914646,-16.97607421875
195,19.5,-70.0,-70.00732421875,,-52.7895113755045,-53.0,-53.0,-17.210488624495497,-17.00732421875
196,19.599999999999998,-70.0,-70.00732421875,,-52.76161626174946,-52.96875,-52.96875,-17.23838373825054,-17.03857421875
197,19.700000000000003,-70.0,-70.00732421875,,-52.73400009913197,-52.9375,-52.9375,-17.26599990086803,-17.06982421875
198,19.8,-70.0,-70.00732421875,,-52.706660098140645,-52.90625,-52.90625,-17.293339901859355,-17.10107421875
199,19.900000000000002,-70.0,-70.00732421875,,-52.67959349715924,-52.875,-52.875,-17.32040650284076,-17.13232421875
200,20.0,-70.0,-70.00732421875,,-52.652797562187644,-52.84375,-52.84375,-17.347202437812356,-17.16357421875
201,20.099999999999998,-70.0,-70.00732421875,,-52.62626958656577,-52.8125,-52.8125,-17.37373041343423,-17.19482421875
202,20.200000000000003,-70.0,-70.00732421875,,-52.60000689070011,-52.78125,-52.78125,-17.399993109299892,-17.22607421875
203,20.3,-70.0,-70.00732421875,,-52.574006821793105,-52.75,-52.75,-17.425993178206895,-17.25732421875
204,20.400000000000002,-70.0,-70.00732421875,,-52.54826675357518,-52.71875,-52.71875,-17.451733246424823,-17.28857421875
205,20.5,-70.0,-70.00732421875,,-52.52278408603942,-52.6875,-52.6875,-17.477215913960578,-17.31982421875
206,20.6,-70.0,-70.00732421875,,-52.49755624517903,-52.65625,-52.65625,-17.502443754820973,-17.35107421875
207,20.7,-70.0,-70.00732421875,,-52.472580682727234,-52.625,-52.625,-17.527419317272766,-17.38232421875
208,20.8,-70.0,-70.00732421875,,-52.447854875899964,-52.59375,-52.59375,-17.552145124100036,-17.41357421875
209,20.900000000000002,-70.0,-70.00732421875,,-52.423376327140964,-52.5625,-52.5625,-17.576623672859036,-17.44482421875
210,21.0,-70.0,-70.00732421875,,-52.39914256386955,-52.53125,-52.53125,-17.600857436130447,-17.47607421875
211,21.1,-70.0,-70.00732421875,,-52.375151138230855,-52.5,-52.5,-17.624848861769145,-17.50732421875
212,21.2,-70.0,-70.00732421875,,-52.35139962684855,-52.46875,-52.46875,-17.648600373151453,-17.53857421875
213,21.3,-70.0,-70.00732421875,,-52.32788563058006,-52.4375,-52.4375,-17.672114369419937,-17.56982421875
214,21.400000000000002,-70.0,-70.00732421875,,-52.30460677427426,-52.40625,-52.40625,-17.695393225725738,-17.60107421875
215,21.5,-70.0,-70.00732421875,,-52.28156070653152,-52.375,-52.375,-17.718439293468478,-17.63232421875
216,21.6,-70.0,-70.00732421875,,-52.2587450994662,-52.34375,-52.34375,-17.741254900533797,-17.66357421875
217,21.7,-70.0,-70.00732421875,,-52.23615764847154,-52.3125,-52.3125,-17.76384235152846,-17.69482421875
218,21.8,-70.0,-70.00732421875,,-52.21379607198683,-52.28125,-52.28125,-17.786203928013173,-17.72607421875
219,21.9,-70.0,-70.00732421875,,-52.19165811126696,-52.25,-52.25,-17.80834188873304,-17.75732421875
220,22.0,-70.0,-70.00732421875,,-52.16974153015429,-52.21875,-52.21875,-17.83025846984571,-17.78857421875
221,22.1,-70.0,-70.00732421875,,-52.148044114852745,-52.1875,-52.1875,-17.851955885147255,-17.81982421875
222,22.2,-70.0,-70.00732421875,,-52.12656367370422,-52.15625,-52.15625,-17.87343632629578,-17.85107421875
223,22.3,-70.0,-70.00732421875,,-52.10529803696718,-52.125,-52.125,-17.894701963032823,-17.88232421875
224,22.4,-70.0,-70.00732421875,,-52.0842450565975,-52.09375,-52.09375,-17.915754943402497,-17.91357421875
225,22.500000000000004,-70.0,-70.00732421875,,-52.06340260603153,-52.0625,-52.0625,-17.93659739396847,-17.94482421875
226,22.6,-70.0,-70.00732421875,,-52.04276857997122,-52.03125,-52.03125,-17.957231420028783,-17.97607421875
227,22.7,-70.0,-70.00732421875,,-52.022340894171506,-52.0,-52.0,-17.977659105828494,-18.00732421875
228,22.8,-70.0,-70.00732421875,,-52.00211748522979,-51.96875,-51.96875,-17.99788251477021,-18.03857421875
229,22.9,-70.0,-70.00732421875,,-51.98209631037749,-51.9375,-51.9375,-18.017903689622507,-18.06982421875
230,23.0,-70.0,-70.00732421875,,-51.96227534727372,-51.90625,-51.90625,-18.037724652726283,-18.10107421875
231,23.1,-70.0,-70.00732421875,,-51.94265259380098,-51.875,-51.875,-18.05734740619902,-18.13232421875
232,23.200000000000003,-70.0,-70.00732421875,,-51.92322606786297,-51.84375,-51.84375,-18.07677393213703,-18.16357421875
233,23.3,-70.0,-70.00732421875,,-51.90399380718434,-51.8125,-51.8125,-18.096006192815658,-18.19482421875
234,23.4,-70.0,-70.00732421875,,-51.8849538691125,-51.78125,-51.78125,-18.1150461308875,-18.22607421875
235,23.5,-70.0,-70.00732421875,,-51.86610433042137,-51.75,-51.75,-18.133895669578628,-18.25732421875
236,23.599999999999998,-70.0,-70.00732421875,,-51.84744328711716,-51.71875,-51.71875,-18.15255671288284,-18.28857421875
237,23.700000000000003,-70.0,-70.00732421875,,-51.828968854245986,-51.6875,-51.6875,-18.171031145754014,-18.31982421875
238,23.8,-70.0,-70.00732421875,,-51.810679165703526,-51.65625,-51.65625,-18.189320834296474,-18.35107421875
239,23.900000000000002,-69.8,-70.00732421875,,-51.79257237404649,-51.625,-51.625,-18.007427625953504,-18.38232421875
240,24.0,-69.598,-70.00732421875,,-51.774646650306025,-51.59375,-51.59375,-17.823353349693974,-18.41357421875
241,24.099999999999998,-69.39398000000001,-69.82421875,,-51.75690018380296,-51.5625,-51.5625,-17.63707981619705,-18.26171875
242,24.200000000000003,-69.1879198,-69.64111328125,,-51.739331181964936,-51.5625,-51.5625,-17.448588618035068,-18.07861328125
243,24.3,-68.979798998,-69.4580078125,,-51.72193787014529,-51.5625,-51.5625,-17.257861127854717,-17.8955078125
244,24.400000000000002,-68.76959698798001,-69.27490234375,,-51.704718491443835,-51.5625,-51.5625,-17.064878496536174,-17.71240234375
245,24.5,-68.55729295785981,-69.091796875,,-51.687671306529396,-51.5625,-51.5625,-16.86962165133042,-17.529296875
246,24.6,-68.3428658874384,-68.90869140625,,-51.6707945934641,-51.5625,-51.5625,-16.672071293974305,-17.34619140625
247,24.7,-68.12629454631279,-68.7255859375,,-51.65408664752946,-51.5625,-51.5625,-16.47220789878333,-17.1630859375
248,24.8,-67.90755749177592,-68.54248046875,,-51.637545781054165,-51.5625,-51.5625,-16.270011710721754,-16.97998046875
249,24.900000000000002,-67.68663306669367,-68.29833984375,,-51.621170323243625,-51.5625,-51.5625,-16.06546274345005,-16.73583984375
250,25.0,-67.46349939736061,-68.05419921875,,-51.60495862001119,-51.5625,-51.5625,-15.858540777349418,-16.49169921875
251,25.1,-67.23813439133421,-67.81005859375,,-51.58890903381108,-51.5625,-51.5625,-15.649225357523136,-16.24755859375
252,25.2,-67.01051573524757,-67.56591796875,,-51.573019943472964,-51.5625,-51.5625,-15.437495791774602,-16.00341796875
253,25.3,-66.78062089260003,-67.32177734375,,-51.557289744038236,-51.5625,-51.5625,-15.22333114856179,-15.75927734375
254,25.400000000000002,-66.54842710152603,-67.07763671875,,-51.54171684659785,-51.5625,-51.5625,-15.00671025492818,-15.51513671875
255,25.5,-66.3139113725413,-66.83349609375,,-51.52629967813187,-51.5625,-51.5625,-14.787611694409428,-15.27099609375
256,25.6,-66.0770504862667,-66.58935546875,,-51.511036681350554,-51.5625,-51.5625,-14.566013804916146,-15.02685546875
257,25.7,-65.83782099112938,-66.34521484375,,-51.49592631453705,-51.5625,-51.5625,-14.341894676592325,-14.78271484375
258,25.8,-65.59619920104068,-66.10107421875,,-51.48096705139168,-51.5625,-51.5625,-14.115232149648996,-14.53857421875
259,25.900000000000002,-65.35216119305107,-65.85693359375,,-51.46615738087776,-51.5625,-51.5625,-13.886003812173314,-14.29443359375
260,26.0,-65.1056828049816,-65.61279296875,,-51.45149580706898,-51.5625,-51.5625,-13.654186997912618,-14.05029296875
261,26.1,-64.85673963303141,-65.36865234375,,-51.43698084899829,-51.5625,-51.5625,-13.419758784033121,-13.80615234375
262,26.2,-64.60530702936174,-65.12451171875,,-51.42261104050831,-51.5625,-51.5625,-13.182695988853432,-13.56201171875
263,26.3,-64.35136009965535,-64.88037109375,,-51.408384930103225,-51.5625,-51.5625,-12.942975169552128,-13.31787109375
264,26.4,-64.0948737006519,-64.63623046875,,-51.394301080802194,-51.5625,-51.5625,-12.700572619849709,-13.07373046875
265,26.500000000000004,-63.83582243765842,-64.39208984375,,-51.38035806999417,-51.5625,-51.5625,-12.455464367664248,-12.82958984375
266,26.6,-63.574180662035005,-64.14794921875,,-51.36655448929423,-51.5625,-51.5625,-12.207626172740774,-12.58544921875
267,26.7,-63.30992246865535,-63.90380859375,,-51.352888944401286,-51.5625,-51.5625,-11.957033524254065,-12.34130859375
268,26.8,-63.0430216933419,-63.65966796875,,-51.339360054957275,-51.5625,-51.5625,-11.703661638384624,-12.09716796875
269,26.9,-62.77345191027532,-63.41552734375,,-51.325966454407705,-51.5625,-51.5625,-11.447485455867614,-11.85302734375
270,27.0,-62.50118642937807,-63.17138671875,,-51.312706789863626,-51.5625,-51.5625,-11.188479639514448,-11.60888671875
271,27.1,-62.22619829367185,-62.92724609375,,-51.29957972196499,-51.5625,-51.5625,-10.926618571706861,-11.36474609375
272,27.200000000000003,-61.94846027660857,-62.68310546875,,-51.28658392474534,-51.5625,-51.5625,-10.661876351863235,-11.12060546875
273,27.3,-61.66794487937466,-62.408447265625,,-51.27371808549788,-51.5625,-51.5625,-10.394226793876776,-10.845947265625
274,27.4,-61.38462432816841,-62.1337890625,,-51.260980904642906,-51.5625,-51.5625,-10.1236434235255,-10.5712890625
275,27.5,-61.098470571450086,-61.859130859375,,-51.248371095596475,-51.5625,-51.5625,-9.850099475853611,-10.296630859375
276,27.6,-60.80945527716459,-61.58447265625,,-51.23588738464051,-51.5625,-51.5625,-9.573567892524075,-10.02197265625
277,27.700000000000003,-60.517549829936236,-61.309814453125,,-51.22352851079411,-51.5625,-51.5625,-9.294021319142125,-9.747314453125
278,27.8,-60.2227253282356,-61.03515625,,-51.21129322568617,-51.5625,-51.5625,-9.011432102549428,-9.47265625
279,27.900000000000002,-59.92495258151796,-60.72998046875,,-51.19918029342931,-51.5625,-51.5625,-8.725772288088649,-9.16748046875
280,28.0,-59.62420210733313,-60.4248046875,,-51.18718849049502,-51.5625,-51.5625,-8.437013616838115,-8.8623046875
281,28.099999999999998,-59.320444128406464,-60.11962890625,,-51.17531660559007,-51.5625,-51.5625,-8.145127522816395,-8.55712890625
282,28.200000000000003,-59.01364856969053,-59.814453125,,-51.163563439534165,-51.5625,-51.5625,-7.850085130156366,-8.251953125
283,28.3,-58.703785055387435,-59.50927734375,,-51.151927805138826,-51.5625,-51.5625,-7.551857250248609,-7.94677734375
284,28.400000000000002,-58.390822905941306,-59.2041015625,,-51.14040852708744,-51.5625,-51.5625,-7.250414378853868,-7.6416015625
285,28.5,-58.074731135000725,-58.89892578125,,-51.12900444181656,-51.5625,-51.5625,-6.945726693184163,-7.33642578125
286,28.6,-57.75547844635073,-58.59375,,-51.117714397398395,-51.5625,-51.5625,-6.637764048952334,-7.03125
287,28.7,-57.43303323081424,-58.28857421875,,-51.10653725342441,-51.5625,-51.5625,-6.3264959773898255,-6.72607421875
288,28.8,-57.10736356312238,-57.9833984375,,-51.095471880890166,-51.5625,-51.5625,-6.011891682232211,-6.4208984375
289,28.900000000000002,-56.77843719875359,-57.67822265625,,-51.08451716208126,-51.5625,-51.5625,-5.693920036672331,-6.11572265625
290,29.0,-56.44622157074113,-57.342529296875,,-51.07367199046045,-51.5625,-51.5625,-5.372549580280683,-5.780029296875
291,29.1,-56.11068378644855,-57.0068359375,,-51.06293527055584,-51.5625,-51.5625,-5.047748515892707,-5.4443359375
292,29.2,-55.771790624313034,-56.671142578125,,-51.05230591785028,-51.5625,-51.5625,-4.719484706462751,-5.108642578125
293,29.300000000000004,-55.42950853055616,-56.33544921875,,-51.04178285867178,-51.5625,-51.5625,-4.3877256718843825,-4.77294921875
294,29.400000000000002,-55.083803615861726,-55.999755859375,,-51.03136503008506,-51.5625,-51.5625,-4.052438585776663,-4.437255859375
295,29.5,-54.73464165202034,-55.6640625,,-51.02105137978421,-51.5625,-51.5625,-3.7135902722361323,-4.1015625
296,29.6,-54.381988068540544,-55.328369140625,,-51.01084086598637,-51.5625,-51.5625,-3.3711472025541767,-3.765869140625
297,29.7,-54.02580794922595,-54.99267578125,,-51.00073245732651,-51.5625,-51.5625,-3.025075491899443,-3.43017578125
298,29.8,-53.666066028718205,-54.656982421875,,-50.99072513275324,-51.5625,-51.5625,-2.6753408959649647,-3.094482421875
299,29.900000000000002,-53.30272668900539,-54.290771484375,,-50.98081788142571,-51.5625,-51.5625,-2.321908807579682,-2.728271484375
300,30.0,-52.93575395589544,-53.924560546875,,-50.971009702611454,-51.5625,-51.5625,-1.964744253283989,-2.362060546875
301,30.1,-52.565111495454396,-53.558349609375,,-50.96129960558534,-51.5625,-51.5625,-1.603811889869057,-1.995849609375
302,30.2,-52.19076261040894,-53.192138671875,,-50.95168660952949,-51.5625,-51.5625,-1.2390760008794501,-1.629638671875
303,30.3,-51.81267023651303,-52.825927734375,,-50.94216974343419,-51.5625,-51.5625,-0.8705004930788363,-1.263427734375
304,30.4,-51.43079693887815,-52.459716796875,,-50.93274804599985,-51.5625,-51.5625,-0.4980488928783018,-0.897216796875
305,30.500000000000004,-51.045104908266936,-52.093505859375,,-50.92342056553985,-51.5625,-51.5625,-0.12168434272708595,-0.531005859375
306,30.6,-50.655555957349605,-51.727294921875,,-50.914186359884454,-51.5625,-51.5625,0.25863040253484826,-0.164794921875
307,30.7,-50.2621115169231,-51.33056640625,,-50.90504449628561,-51.5625,-51.5625,0.6429329793625129,0.23193359375
308,30.8,-70.0,-50.933837890625,,-50.89599405132276,-51.5625,-51.5625,-19.10400594867724,0.628662109375
309,30.9,-70.0,-50.537109375,,-50.88703411080953,-51.5625,-51.5625,-19.11296588919047,1.025390625
310,31.0,-70.0,-50.140380859375,,-50.87816376970144,-51.5625,-51.5625,-19.121836230298562,1.422119140625
311,31.1,-70.0,-70.00732421875,,-50.869382132004425,-51.5625,-51.5625,-19.130617867995575,-18.44482421875
312,31.200000000000003,-70.0,-70.00732421875,,-50.86068831068438,-51.5625,-51.5625,-19.13931168931562,-18.44482421875
313,31.3,-70.0,-70.00732421875,,-50.85208142757754,-51.5625,-51.5625,-19.147918572422462,-18.44482421875
314,31.400000000000002,-70.0,-70.00732421875,,-50.84356061330176,-51.5625,-51.5625,-19.15643938669824,-18.44482421875
315,31.5,-70.0,-70.00732421875,,-50.83512500716874,-51.5625,-51.5625,-19.16487499283126,-18.44482421875
316,31.6,-70.0,-70.00732421875,,-50.82677375709705,-51.5625,-51.5625,-19.17322624290295,-18.44482421875
317,31.7,-70.0,-70.00732421875,,-50.81850601952608,-51.5625,-51.5625,-19.181493980473917,-18.44482421875
318,31.8,-70.0,-70.00732421875,,-50.810320959330824,-51.5625,-51.5625,-19.189679040669176,-18.44482421875
319,31.900000000000006,-70.0,-70.00732421875,,-50.802217749737515,-51.5625,-51.5625,-19.197782250262485,-18.44482421875
320,32.0,-70.0,-70.00732421875,,-50.79419557224014,-51.5625,-51.5625,-19.20580442775986,-18.44482421875
321,32.1,-70.0,-70.00732421875,,-50.78625361651774,-51.5625,-51.5625,-19.21374638348226,-18.44482421875
322,32.199999999999996,-70.0,-70.00732421875,,-50.77839108035256,-51.5625,-51.5625,-19.221608919647437,-18.44482421875
323,32.300000000000004,-70.0,-70.00732421875,,-50.77060716954904,-51.5625,-51.5625,-19.229392830450962,-18.44482421875
324,32.4,-70.0,-70.00732421875,,-50.76290109785355,-51.5625,-51.5625,-19.23709890214645,-18.44482421875
325,32.5,-70.0,-70.00732421875,,-50.75527208687502,-51.5625,-51.5625,-19.244727913124983,-18.44482421875
326,32.6,-70.0,-70.00732421875,,-50.747719366006265,-51.5625,-51.5625,-19.252280633993735,-18.44482421875
327,32.699999999999996,-70.0,-70.00732421875,,-50.7402421723462,-51.5625,-51.5625,-19.2597578276538,-18.44482421875
328,32.800000000000004,-70.0,-70.00732421875,,-50.73283975062274,-51.5625,-51.5625,-19.267160249377262,-18.44482421875
329,32.9,-70.0,-70.00732421875,,-50.72551135311651,-51.5625,-51.5625,-19.27448864688349,-18.44482421875
330,33.0,-70.0,-70.00732421875,,-50.718256239585344,-51.5625,-51.5625,-19.281743760414656,-18.44482421875
331,33.1,-70.0,-70.00732421875,,-50.71107367718949,-51.5625,-51.5625,-19.28892632281051,-18.44482421875
332,33.2,-70.0,-70.00732421875,,-50.7039629404176,-51.5625,-51.5625,-19.296037059582403,-18.44482421875
333,33.300000000000004,-70.0,-70.00732421875,,-50.69692331101342,-51.5625,-51.5625,-19.30307668898658,-18.44482421875
334,33.4,-70.0,-70.00732421875,,-50.68995407790329,-51.5625,-51.5625,-19.310045922096712,-18.44482421875
335,33.5,-70.0,-70.00732421875,,-50.68305453712426,-51.5625,-51.5625,-19.316945462875744,-18.44482421875
336,33.6,-70.0,-70.00732421875,,-50.67622399175301,-51.5625,-51.5625,-19.323776008246988,-18.44482421875
337,33.7,-70.0,-70.00732421875,,-50.669461751835485,-51.5625,-51.5625,-19.330538248164515,-18.44482421875
338,33.800000000000004,-70.0,-70.00732421875,,-50.66276713431713,-51.5625,-51.5625,-19.33723286568287,-18.44482421875
339,33.9,-70.0,-70.00732421875,,-50.656139462973954,-51.5625,-51.5625,-19.343860537026046,-18.44482421875
340,34.0,-70.0,-70.00732421875,,-50.64957806834421,-51.5625,-51.5625,-19.350421931655788,-18.44482421875
341,34.099999999999994,-70.0,-70.00732421875,,-50.64308228766077,-51.5625,-51.5625,-19.356917712339232,-18.44482421875
342,34.2,-70.0,-70.00732421875,,-50.63665146478416,-51.5625,-51.5625,-19.36334853521584,-18.44482421875
343,34.300000000000004,-70.0,-70.00732421875,,-50.630284950136314,-51.5625,-51.5625,-19.369715049863686,-18.44482421875
344,34.4,-70.0,-70.00732421875,,-50.623982100634954,-51.5625,-51.5625,-19.376017899365046,-18.44482421875
345,34.5,-70.0,-70.00732421875,,-50.61774227962861,-51.5625,-51.5625,-19.382257720371392,-18.44482421875
346,34.6,-70.0,-70.00732421875,,-50.611564856832324,-51.5625,-51.5625,-19.388435143167676,-18.44482421875
347,34.7,-70.0,-70.00732421875,,-50.605449208264,-51.5625,-51.5625,-19.394550791736002,-18.44482421875
348,34.800000000000004,-70.0,-70.00732421875,,-50.59939471618136,-51.5625,-51.5625,-19.400605283818642,-18.44482421875
349,34.9,-70.0,-70.00732421875,,-50.593400769019546,-51.5625,-51.5625,-19.406599230980454,-18.44482421875
350,35.0,-70.0,-70.00732421875,,-50.58746676132935,-51.5625,-51.5625,-19.412533238670648,-18.44482421875
351,35.1,-70.0,-70.00732421875,,-50.58159209371606,-51.5625,-51.5625,-19.41840790628394,-18.44482421875
352,35.2,-70.0,-70.00732421875,,-50.5757761727789,-51.5625,-51.5625,-19.4242238272211,-18.44482421875
353,35.300000000000004,-70.0,-70.00732421875,,-50.570018411051116,-51.5625,-51.5625,-19.429981588948884,-18.44482421875
354,35.4,-70.0,-70.00732421875,,-50.56431822694061,-51.5625,-51.5625,-19.435681773059393,-18.44482421875
355,35.5,-70.0,-70.00732421875,,-50.5586750446712,-51.5625,-51.5625,-19.441324955328803,-18.44482421875
356,35.6,-70.0,-70.00732421875,,-50.55308829422449,-51.5625,-51.5625,-19.446911705775513,-18.44482421875
357,35.7,-70.0,-70.00732421875,,-50.54755741128224,-51.5625,-51.5625,-19.45244258871776,-18.44482421875
358,35.8,-69.8,-70.00732421875,,-50.54208183716942,-51.5625,-51.5625,-19.257918162830578,-18.44482421875
359,35.9,-69.598,-70.00732421875,,-50.53666101879772,-51.5625,-51.5625,-19.061338981202276,-18.44482421875
360,36.0,-69.39398000000001,-70.00732421875,,-50.531294408609746,-51.5625,-51.5625,-18.862685591390267,-18.44482421875
361,36.1,-69.1879198,-70.00732421875,,-50.525981464523646,-51.5625,-51.5625,-18.661938335476357,-18.44482421875
362,36.2,-68.979798998,-69.82421875,,-50.52072164987841,-51.5625,-51.5625,-18.459077348121596,-18.26171875
363,36.3,-68.76959698798001,-69.64111328125,,-50.51551443337963,-51.5625,-51.5625,-18.25408255460038,-18.07861328125
364,36.4,-68.55729295785981,-69.4580078125,,-50.51035928904583,-51.5625,-51.5625,-18.046933668813985,-17.8955078125
365,36.50000000000001,-68.3428658874384,-69.27490234375,,-50.50525569615537,-51.5625,-51.5625,-17.837610191283034,-17.71240234375
366,36.6,-68.12629454631279,-69.091796875,,-50.50020313919382,-51.5625,-51.5625,-17.62609140711897,-17.529296875
367,36.7,-67.90755749177592,-68.90869140625,,-50.49520110780188,-51.5625,-51.5625,-17.412356383974036,-17.34619140625
368,36.8,-67.68663306669367,-68.7255859375,,-50.490249096723865,-51.5625,-51.5625,-17.19638396996981,-17.1630859375
369,36.9,-67.46349939736061,-68.54248046875,,-50.485346605756625,-51.5625,-51.5625,-16.978152791603982,-16.97998046875
370,37.00000000000001,-67.23813439133421,-68.29833984375,,-50.48049313969906,-51.5625,-51.5625,-16.757641251635157,-16.73583984375
371,37.1,-67.01051573524757,-68.05419921875,,-50.47568820830207,-51.5625,-51.5625,-16.5348275269455,-16.49169921875
372,37.2,-66.78062089260003,-67.81005859375,,-50.470931326219045,-51.5625,-51.5625,-16.30968956638098,-16.24755859375
373,37.3,-66.54842710152603,-67.56591796875,,-50.466222012956855,-51.5625,-51.5625,-16.082205088569175,-16.00341796875
374,37.4,-66.3139113725413,-67.32177734375,,-50.46155979282729,-51.5625,-51.5625,-15.85235157971401,-15.75927734375
375,37.5,-66.0770504862667,-67.07763671875,,-50.456944194899016,-51.5625,-51.5625,-15.620106291367684,-15.51513671875
376,37.6,-65.83782099112938,-66.83349609375,,-50.45237475295003,-51.5625,-51.5625,-15.385446238179348,-15.27099609375
377,37.7,-65.59619920104068,-66.58935546875,,-50.44785100542053,-51.5625,-51.5625,-15.148348195620144,-15.02685546875
378,37.8,-65.35216119305107,-66.34521484375,,-50.443372495366326,-51.5625,-51.5625,-14.908788697684749,-14.78271484375
379,37.900000000000006,-65.1056828049816,-66.10107421875,,-50.43893877041266,-51.5625,-51.5625,-14.666744034568936,-14.53857421875
380,38.0,-64.85673963303141,-65.85693359375,,-50.43454938270853,-51.5625,-51.5625,-14.422190250322878,-14.29443359375
381,38.1,-64.60530702936174,-65.61279296875,,-50.430203888881444,-51.5625,-51.5625,-14.175103140480296,-14.05029296875
382,38.2,-64.35136009965535,-65.36865234375,,-50.42590184999263,-51.5625,-51.5625,-13.925458249662725,-13.80615234375
383,38.3,-64.0948737006519,-65.12451171875,,-50.421642831492704,-51.5625,-51.5625,-13.673230869159198,-13.56201171875
384,38.400000000000006,-63.83582243765842,-64.88037109375,,-50.41742640317778,-51.5625,-51.5625,-13.418396034480644,-13.31787109375
385,38.5,-63.574180662035005,-64.63623046875,,-50.413252139146,-51.5625,-51.5625,-13.160928522889002,-13.07373046875
386,38.6,-63.30992246865535,-64.39208984375,,-50.40911961775454,-51.5625,-51.5625,-12.90080285090081,-12.82958984375
387,38.7,-63.0430216933419,-64.14794921875,,-50.40502842157699,-51.5625,-51.5625,-12.637993271764906,-12.58544921875
388,38.8,-62.77345191027532,-63.90380859375,,-50.40097813736122,-51.5625,-51.5625,-12.372473772914098,-12.34130859375
389,38.900000000000006,-62.50118642937807,-63.65966796875,,-50.39696835598761,-51.5625,-51.5625,-12.104218073390463,-12.09716796875
390,39.0,-62.22619829367185,-63.41552734375,,-50.39299867242774,-51.5625,-51.5625,-11.833199621244113,-11.85302734375
391,39.1,-61.94846027660857,-63.17138671875,,-50.38906868570346,-51.5625,-51.5625,-11.559391590905115,-11.60888671875
392,39.199999999999996,-61.66794487937466,-62.92724609375,,-50.38517799884642,-51.5625,-51.5625,-11.282766880528236,-11.36474609375
393,39.300000000000004,-61.38462432816841,-62.68310546875,,-50.38132621885796,-51.5625,-51.5625,-11.00329810931045,-11.12060546875
394,39.400000000000006,-61.098470571450086,-62.408447265625,,-50.37751295666938,-51.5625,-51.5625,-10.720957614780708,-10.845947265625
395,39.5,-60.80945527716459,-62.1337890625,,-50.37373782710269,-51.5625,-51.5625,-10.435717450061901,-10.5712890625
396,39.6,-60.517549829936236,-61.859130859375,,-50.37000044883166,-51.5625,-51.5625,-10.147549381104575,-10.296630859375
397,39.699999999999996,-60.2227253282356,-61.58447265625,,-50.366300444343345,-51.5625,-51.5625,-9.856424883892252,-10.02197265625
398,39.800000000000004,-59.92495258151796,-61.309814453125,,-50.36263743989991,-51.5625,-51.5625,-9.562315141618043,-9.747314453125
399,39.900000000000006,-59.62420210733313,-61.03515625,,-50.359011065500916,-51.5625,-51.5625,-9.265191041832217,-9.47265625
400,40.0,-59.320444128406464,-60.72998046875,,-50.355420954845904,-51.5625,-51.5625,-8.96502317356056,-9.16748046875
401,40.1,-59.01364856969053,-60.4248046875,,-50.35186674529744,-51.5625,-51.5625,-8.661781824393088,-8.8623046875
402,40.199999999999996,-58.703785055387435,-60.11962890625,,-50.34834807784447,-51.5625,-51.5625,-8.355436977542965,-8.55712890625
403,40.300000000000004,-58.390822905941306,-59.814453125,,-50.34486459706603,-51.5625,-51.5625,-8.045958308875278,-8.251953125
404,40.400000000000006,-58.074731135000725,-59.50927734375,,-50.34141595109537,-51.5625,-51.5625,-7.733315183905354,-7.94677734375
405,40.5,-57.75547844635073,-59.2041015625,,-50.33800179158442,-51.5625,-51.5625,-7.417476654766311,-7.6416015625
406,40.6,-57.43303323081424,-58.89892578125,,-50.33462177366857,-51.5625,-51.5625,-7.098411457145666,-7.33642578125
407,40.699999999999996,-57.10736356312238,-58.59375,,-50.33127555593189,-51.5625,-51.5625,-6.776088007190488,-7.03125
408,40.800000000000004,-56.77843719875359,-58.28857421875,,-50.32796280037257,-51.5625,-51.5625,-6.450474398381026,-6.72607421875
409,40.9,-56.44622157074113,-57.9833984375,,-50.32468317236884,-51.5625,-51.5625,-6.121538398372287,-6.4208984375
410,41.0,-56.11068378644855,-57.67822265625,,-50.32143634064516,-51.5625,-51.5625,-5.78924744580339,-6.11572265625
411,41.1,-55.771790624313034,-57.342529296875,,-50.31822197723871,-51.5625,-51.5625,-5.453568647074327,-5.780029296875
412,41.2,-55.42950853055616,-57.0068359375,,-50.31503975746632,-51.5625,-51.5625,-5.11446877308984,-5.4443359375
413,41.300000000000004,-55.083803615861726,-56.671142578125,,-50.31188935989166,-51.5625,-51.5625,-4.771914255970067,-5.108642578125
414,41.4,-54.73464165202034,-56.33544921875,,-50.30877046629274,-51.5625,-51.5625,-4.425871185727601,-4.77294921875
415,41.5,-54.381988068540544,-55.999755859375,,-50.30568276162982,-51.5625,-51.5625,-4.076305306910726,-4.437255859375
416,41.6,-54.02580794922595,-55.6640625,,-50.30262593401352,-51.5625,-51.5625,-3.72318201521243,-4.1015625
417,41.7,-53.666066028718205,-55.328369140625,,-50.29959967467339,-51.5625,-51.5625,-3.3664663540448174,-3.765869140625
418,41.800000000000004,-53.30272668900539,-54.99267578125,,-50.296603677926655,-51.5625,-51.5625,-3.006123011078735,-3.43017578125
419,41.9,-52.93575395589544,-54.656982421875,,-50.293637641147384,-51.5625,-51.5625,-2.6421163147480584,-3.094482421875
420,42.0,-52.565111495454396,-54.290771484375,,-50.29070126473591,-51.5625,-51.5625,-2.2744102307184875,-2.728271484375
421,42.1,-52.19076261040894,-53.924560546875,,-50.28779425208855,-51.5625,-51.5625,-1.9029683583203862,-2.362060546875
422,42.2,-51.81267023651303,-53.558349609375,,-50.28491630956767,-51.5625,-51.5625,-1.5277539269453584,-1.995849609375
423,42.300000000000004,-51.43079693887815,-53.192138671875,,-50.282067146471995,-51.5625,-51.5625,-1.148729792406158,-1.629638671875
424,42.4,-51.045104908266936,-52.825927734375,,-50.27924647500728,-51.5625,-51.5625,-0.765858433259659,-1.263427734375
425,42.5,-50.655555957349605,-52.459716796875,,-50.276454010257204,-51.5625,-51.5625,-0.3791019470924013,-0.897216796875
426,42.6,-50.2621115169231,-52.093505859375,,-50.27368947015463,-51.5625,-51.5625,0.011577953231530103,-0.531005859375
427,42.7,-70.0,-51.727294921875,,-50.27095257545308,-51.5625,-51.5625,-19.72904742454692,-0.164794921875
428,42.800000000000004,-70.0,-51.33056640625,,-50.26824304969855,-51.5625,-51.5625,-19.731756950301452,0.23193359375
429,42.9,-70.0,-50.933837890625,,-50.265560619201565,-51.5625,-51.5625,-19.734439380798435,0.628662109375
430,43.0,-70.0,-50.537109375,,-50.26290501300955,-51.5625,-51.5625,-19.73709498699045,1.025390625
431,43.1,-70.0,-50.140380859375,,-50.260275962879454,-51.5625,-51.5625,-19.739724037120546,1.422119140625
432,43.2,-70.0,-70.00732421875,,-50.25767320325066,-51.5625,-51.5625,-19.74232679674934,-18.44482421875
433,43.300000000000004,-70.0,-70.00732421875,,-50.25509647121815,-51.5625,-51.5625,-19.744903528781848,-18.44482421875
434,43.4,-70.0,-70.00732421875,,-50.25254550650597,-51.5625,-51.5625,-19.747454493494033,-18.44482421875
435,43.5,-70.0,-70.00732421875,,-50.250020051440906,-51.5625,-51.5625,-19.749979948559094,-18.44482421875
436,43.6,-70.0,-70.00732421875,,-50.247519850926494,-51.5625,-51.5625,-19.752480149073506,-18.44482421875
437,43.7,-70.0,-70.00732421875,,-50.24504465241723,-51.5625,-51.5625,-19.754955347582772,-18.44482421875
438,43.8,-70.0,-70.00732421875,,-50.242594205893056,-51.5625,-51.5625,-19.757405794106944,-18.44482421875
439,43.9,-70.0,-70.00732421875,,-50.24016826383413,-51.5625,-51.5625,-19.75983173616587,-18.44482421875
440,44.0,-70.0,-70.00732421875,,-50.237766581195785,-51.5625,-51.5625,-19.762233418804215,-18.44482421875
441,44.1,-70.0,-70.00732421875,,-50.23538891538383,-51.5625,-51.5625,-19.76461108461617,-18.44482421875
442,44.2,-70.0,-70.00732421875,,-50.23303502622999,-51.5625,-51.5625,-19.76696497377001,-18.44482421875
443,44.3,-70.0,-70.00732421875,,-50.230704675967694,-51.5625,-51.5625,-19.769295324032306,-18.44482421875
444,44.4,-70.0,-70.00732421875,,-50.22839762920802,-51.5625,-51.5625,-19.77160237079198,-18.44482421875
445,44.50000000000001,-70.0,-70.00732421875,,-50.22611365291594,-51.5625,-51.5625,-19.77388634708406,-18.44482421875
446,44.6,-70.0,-70.00732421875,,-50.223852516386785,-51.5625,-51.5625,-19.776147483613215,-18.44482421875
447,44.7,-70.0,-70.00732421875,,-50.22161399122292,-51.5625,-51.5625,-19.778386008777083,-18.44482421875
448,44.8,-70.0,-70.00732421875,,-50.21939785131069,-51.5625,-51.5625,-19.78060214868931,-18.44482421875
449,44.9,-70.0,-70.00732421875,,-50.21720387279758,-51.5625,-51.5625,-19.782796127202417,-18.44482421875
450,45.00000000000001,-70.0,-70.00732421875,,-50.215031834069606,-51.5625,-51.5625,-19.784968165930394,-18.44482421875
451,45.1,-70.0,-70.00732421875,,-50.21288151572891,-51.5625,-51.5625,-19.78711848427109,-18.44482421875
452,45.2,-70.0,-70.00732421875,,-50.21075270057162,-51.5625,-51.5625,-19.789247299428382,-18.44482421875
453,45.3,-70.0,-70.00732421875,,-50.2086451735659,-51.5625,-51.5625,-19.7913548264341,-18.44482421875
454,45.4,-70.0,-70.00732421875,,-50.20655872183024,-51.5625,-51.5625,-19.79344127816976,-18.44482421875
455,45.5,-70.0,-70.00732421875,,-50.20449313461194,-51.5625,-51.5625,-19.795506865388063,-18.44482421875
456,45.6,-70.0,-70.00732421875,,-50.20244820326582,-51.5625,-51.5625,-19.797551796734183,-18.44482421875
457,45.7,-70.0,-70.00732421875,,-50.20042372123316,-51.5625,-51.5625,-19.799576278766843,-18.44482421875
458,45.8,-70.0,-70.00732421875,,-50.198419484020825,-51.5625,-51.5625,-19.801580515979175,-18.44482421875
459,45.900000000000006,-70.0,-70.00732421875,,-50.19643528918061,-51.5625,-51.5625,-19.803564710819387,-18.44482421875
460,46.0,-70.0,-70.00732421875,,-50.19447093628881,-51.5625,-51.5625,-19.80552906371119,-18.44482421875
461,46.1,-70.0,-70.00732421875,,-50.19252622692592,-51.5625,-51.5625,-19.80747377307408,-18.44482421875
462,46.2,-70.0,-70.00732421875,,-50.19060096465666,-51.5625,-51.5625,-19.80939903534334,-18.44482421875
463,46.3,-70.0,-70.00732421875,,-50.18869495501009,-51.5625,-51.5625,-19.811305044989908,-18.44482421875
464,46.400000000000006,-70.0,-70.00732421875,,-50.186808005459994,-51.5625,-51.5625,-19.813191994540006,-18.44482421875
465,46.5,-70.0,-70.00732421875,,-50.184939925405395,-51.5625,-51.5625,-19.815060074594605,-18.44482421875
466,46.6,-70.0,-70.00732421875,,-50.18309052615134,-51.5625,-51.5625,-19.81690947384866,-18.44482421875
467,46.7,-70.0,-70.00732421875,,-50.181259620889826,-51.5625,-51.5625,-19.818740379110174,-18.44482421875
468,46.8,-70.0,-70.00732421875,,-50.179447024680925,-51.5625,-51.5625,-19.820552975319075,-18.44482421875
469,46.900000000000006,-70.0,-70.00732421875,,-50.17765255443412,-51.5625,-51.5625,-19.82234744556588,-18.44482421875
470,47.0,-70.0,-70.00732421875,,-50.175876028889775,-51.5625,-51.5625,-19.824123971110225,-18.44482421875
471,47.1,-70.0,-70.00732421875,,-50.174117268600874,-51.5625,-51.5625,-19.825882731399126,-18.44482421875
472,47.199999999999996,-70.0,-70.00732421875,,-50.17237609591486,-51.5625,-51.5625,-19.827623904085137,-18.44482421875
473,47.300000000000004,-70.0,-70.00732421875,,-50.17065233495571,-51.5625,-51.5625,-19.82934766504429,-18.44482421875
474,47.400000000000006,-70.0,-70.00732421875,,-50.16894581160616,-51.5625,-51.5625,-19.831054188393843,-18.44482421875
475,47.5,-70.0,-70.00732421875,,-50.167256353490096,-51.5625,-51.5625,-19.832743646509904,-18.44482421875
476,47.6,-70.0,-70.00732421875,,-50.16558378995519,-51.5625,-51.5625,-19.834416210044807,-18.44482421875
477,47.699999999999996,-69.8,-70.00732421875,,-50.163927952055644,-51.5625,-51.5625,-19.636072047944353,-18.44482421875
478,47.800000000000004,-69.598,-70.00732421875,,-50.16228867253509,-51.5625,-51.5625,-19.435711327464908,-18.44482421875
479,47.900000000000006,-69.39398000000001,-70.00732421875,,-50.16066578580974,-51.5625,-51.5625,-19.233314214190273,-18.44482421875
480,48.0,-69.1879198,-70.00732421875,,-50.15905912795164,-51.5625,-51.5625,-19.02886067204836,-18.44482421875
481,48.1,-68.979798998,-70.00732421875,,-50.15746853667213,-51.5625,-51.5625,-18.82233046132788,-18.44482421875
482,48.199999999999996,-68.76959698798001,-69.82421875,,-50.15589385130541,-51.5625,-51.5625,-18.6137031366746,-18.26171875
483,48.300000000000004,-68.55729295785981,-69.64111328125,,-50.15433491279235,-51.5625,-51.5625,-18.402958045067464,-18.07861328125
484,48.400000000000006,-68.3428658874384,-69.4580078125,,-50.15279156366443,-51.5625,-51.5625,-18.190074323773977,-17.8955078125
485,48.5,-68.12629454631279,-69.27490234375,,-50.151263648027786,-51.5625,-51.5625,-17.975030898285006,-17.71240234375
486,48.6,-67.90755749177592,-69.091796875,,-50.14975101154751,-51.5625,-51.5625,-17.75780648022841,-17.529296875
487,48.699999999999996,-67.68663306669367,-68.90869140625,,-50.14825350143203,-51.5625,-51.5625,-17.538379565261643,-17.34619140625
488,48.800000000000004,-67.46349939736061,-68.7255859375,,-50.14677096641771,-51.5625,-51.5625,-17.316728430942895,-17.1630859375
489,48.9,-67.23813439133421,-68.54248046875,,-50.145303256753536,-51.5625,-51.5625,-17.092831134580678,-16.97998046875
490,49.0,-67.01051573524757,-68.29833984375,,-50.143850224186004,-51.5625,-51.5625,-16.866665511061562,-16.73583984375
491,49.1,-66.78062089260003,-68.05419921875,,-50.14241172194414,-51.5625,-51.5625,-16.638209170655884,-16.49169921875
492,49.2,-66.54842710152603,-67.81005859375,,-50.1409876047247,-51.5625,-51.5625,-16.40743949680133,-16.24755859375
493,49.300000000000004,-66.3139113725413,-67.56591796875,,-50.13957772867745,-51.5625,-51.5625,-16.174333643863847,-16.00341796875
494,49.4,-66.0770504862667,-67.32177734375,,-50.13818195139068,-51.5625,-51.5625,-15.938868534876022,-15.75927734375
495,49.5,-65.83782099112938,-67.07763671875,,-50.13680013187677,-51.5625,-51.5625,-15.701020859252608,-15.51513671875
496,49.6,-65.59619920104068,-66.83349609375,,-50.135432130558,-51.5625,-51.5625,-15.460767070482675,-15.27099609375
497,49.7,-65.35216119305107,-66.58935546875,,-50.134077809252425,-51.5625,-51.5625,-15.21808338379865,-15.02685546875
498,49.800000000000004,-65.1056828049816,-66.34521484375,,-50.1327370311599,-51.5625,-51.5625,-14.9729457738217,-14.78271484375
499,49.9,-64.85673963303141,-66.10107421875,,-50.1314096608483,-51.5625,-51.5625,-14.725329972183111,-14.53857421875
